-- phpMyAdmin SQL Dump
-- version 5.0.2
-- https://www.phpmyadmin.net/
--
-- Host: 127.0.0.1
-- Generation Time: Sep 21, 2020 at 03:43 PM
-- Server version: 10.4.14-MariaDB
-- PHP Version: 7.4.10

SET SQL_MODE = "NO_AUTO_VALUE_ON_ZERO";
START TRANSACTION;
SET time_zone = "+00:00";


/*!40101 SET @OLD_CHARACTER_SET_CLIENT=@@CHARACTER_SET_CLIENT */;
/*!40101 SET @OLD_CHARACTER_SET_RESULTS=@@CHARACTER_SET_RESULTS */;
/*!40101 SET @OLD_COLLATION_CONNECTION=@@COLLATION_CONNECTION */;
/*!40101 SET NAMES utf8mb4 */;

--
-- Database: `media_center`
--

-- --------------------------------------------------------

--
-- Table structure for table `brands`
--

CREATE TABLE `brands` (
  `ID` int(10) UNSIGNED NOT NULL,
  `CompanyName` varchar(100) CHARACTER SET utf8mb4 COLLATE utf8mb4_vietnamese_ci NOT NULL,
  `logo` varchar(250) CHARACTER SET utf8mb4 COLLATE utf8mb4_vietnamese_ci NOT NULL
) ENGINE=InnoDB DEFAULT CHARSET=utf8;

--
-- Dumping data for table `brands`
--

INSERT INTO `brands` (`ID`, `CompanyName`, `logo`) VALUES
(1, 'Dell', ''),
(2, 'Aser', ''),
(3, 'Lenovo', ''),
(4, 'HP', ''),
(5, 'Asus', ''),
(6, 'Macbook', ''),
(7, 'Microsoft', ''),
(8, 'SAMSUNG', 'logo1.png'),
(9, 'OPPO', 'logo5.png'),
(10, 'XIAOMI', 'logo3.png'),
(11, 'SONY', 'logo4.png'),
(12, 'APPLE', 'logo2.png'),
(13, 'HUAWEI', 'logo6.png'),
(14, 'VIVO', 'logo7.png'),
(15, 'NOKIA', 'logo8.png'),
(16, 'REALME', 'logo9.png'),
(17, 'COOLPAD', 'logo10.png');

-- --------------------------------------------------------

--
-- Table structure for table `category`
--

CREATE TABLE `category` (
  `ID` int(10) UNSIGNED NOT NULL,
  `CategoryName` varchar(250) NOT NULL,
  `icon` varchar(250) CHARACTER SET utf8mb4 COLLATE utf8mb4_vietnamese_ci NOT NULL,
  `BrandID` int(10) NOT NULL
) ENGINE=InnoDB DEFAULT CHARSET=utf8;

--
-- Dumping data for table `category`
--

INSERT INTO `category` (`ID`, `CategoryName`, `icon`, `BrandID`) VALUES
(1, 'Sinh viên & văn phòng', '', 0),
(3, 'Gaming', '', 0),
(4, 'Đồ họa kỹ thuật', '', 0),
(5, 'Workstation', '', 0),
(6, 'Màn hình gập', '', 0),
(7, 'Mỏng nhẹ & thời trang', '', 0),
(10, 'Chuột & Bàn phím', 'item19.png', 0),
(11, 'Loa', 'item2.png', 0),
(13, 'USB', 'item18.png', 0),
(14, 'Tai nghe', 'item1.png', 0),
(15, 'Cáp sạc', 'item10.png', 0),
(16, 'Pin sạc', 'item3.png', 0),
(17, 'Thẻ nhớ', 'item4.png', 0),
(18, 'Ốp lưng điện thoại', 'item5.png', 0),
(19, 'Ốp lưng máy tính bảng', 'item6.png', 0),
(20, 'Miếng dán màn hình', 'item7.png', 0),
(21, 'Gậy chụp ảnh', 'item8.png', 0),
(22, 'Túi chống sốc', 'item9.png', 0),
(23, 'Đến móc dán điện thoại', 'item11.png', 0),
(24, 'Ống kính điện thoại', 'item12.png', 0),
(25, 'Dây đeo Smartwach', 'item13.png', 0),
(26, 'Cammera giám sát', 'item14.png', 0),
(27, 'Quạt mini', 'item15.png', 0),
(28, 'Giá đỡ điện thoại', 'item16.png', 0),
(29, 'Túi chống nước', 'item17.png', 0),
(31, 'Thiết bị mạng', 'item20.png', 0);

-- --------------------------------------------------------

--
-- Table structure for table `comments`
--

CREATE TABLE `comments` (
  `ID` int(5) UNSIGNED NOT NULL,
  `Name` varchar(250) CHARACTER SET utf8mb4 COLLATE utf8mb4_vietnamese_ci NOT NULL,
  `Email` varchar(250) CHARACTER SET utf8mb4 COLLATE utf8mb4_vietnamese_ci NOT NULL,
  `Review` varchar(5000) CHARACTER SET utf8mb4 COLLATE utf8mb4_vietnamese_ci NOT NULL,
  `ProductID` int(10) NOT NULL,
  `CustomerID` int(10) NOT NULL,
  `Date` varchar(250) CHARACTER SET utf8mb4 COLLATE utf8mb4_vietnamese_ci NOT NULL
) ENGINE=InnoDB DEFAULT CHARSET=utf8;

--
-- Dumping data for table `comments`
--

INSERT INTO `comments` (`ID`, `Name`, `Email`, `Review`, `ProductID`, `CustomerID`, `Date`) VALUES
(2, 'Phạm Văn Chiến', 'phamvanchien3605@gmail.com', 'teger id purus ultricies nunc tincidunt congue vitae nec felis. Vivamus sit amet nisl convallis, faucibus risus in, suscipit sapien. Vestibulum egestas interdum tellus id venenat', 3, 0, '24.08.2019'),
(3, 'Phạm Văn Chiến', 'phamvanchien3605@gmail.com', 'teger id purus ultricies nunc tincidunt congue vitae nec felis. Vivamus sit amet nisl convallis, faucibus risus in, suscipit sapien. Vestibulum egestas interdum tellus id venenat', 3, 0, '24.08.2019'),
(4, 'Phạm Văn Chiến', 'phamvanchien3605@gmail.com', 'teger id purus ultricies nunc tincidunt congue vitae nec felis. Vivamus sit amet nisl convallis, faucibus risus in, suscipit sapien. Vestibulum egestas interdum tellus id venenat', 3, 0, '24.08.2019'),
(5, 'Phạm Văn Chiến', 'phamvanchien3605@gmail.com', 'teger id purus ultricies nunc tincidunt congue vitae nec felis. Vivamus sit amet nisl convallis, faucibus risus in, suscipit sapien. Vestibulum egestas interdum tellus id venenat', 3, 0, '24.08.2019'),
(6, 'Phạm Văn Chiến', 'phamvanchien2803@gmail.com', 'Chào anh! \r\nDạ theo như em kiểm tra thì có cấu hình được đủ mạnh để có thể chơi giả lập Liên quân trên máy được ạ. Mong anh thông cảm.\r\nThông tin đến anh!', 7, 0, '24.08.2019'),
(7, 'Người mua', 'nguoimua@gmail.com', 'Card mh của máy này là Intel HD Graphics 6000 với con máy có Intel Graphics 620 vậy con nào hơn ạ', 7, 0, '26.08.2019'),
(8, 'Phạm Văn Chiến', 'phamvanchien3605@gmail.com', 'Máy mua về dùng rất tốt, mọi người mua về nên mua ổ cứng SSD gắn vào và cài windows lên đó, đồng thời có điều kiện thì nâng cấp thêm RAM, máy sẽ chạy rất mượt, laptop sử dụng ít nóng', 1, 0, '31.08.2019'),
(9, 'Văn Chiến', 'phamvanchien3605@gmail.com', 'Máy mua về dùng rất tốt, mọi người mua về nên mua ổ cứng SSD gắn vào và cài windows lên đó, đồng thời có điều kiện thì nâng cấp thêm RAM, máy sẽ chạy rất mượt, laptop sử dụng ít nóng', 17, 0, '02.09.2019'),
(10, 'Phạm Văn Chiến', 'phamvanchien3605@gmail.com', 'Máy mẫu mã đẹp, sang trọng, mượt mà phù hợp với sinh viên, giá cả hợp lý, nhân viên ok', 69, 0, '08.09.2019'),
(11, 'Join Rambo', 'rambo@gmail.com', 'Apple Macbook Air is a production which i used and liked it.', 80, 0, '09.09.2019'),
(12, 'Phạm Văn Chiến', 'phamvanchien3605@gmail.com', 'rrrrrrrrrrrrrrrrrrrrrrrrrrrrrrrrrrrrrrr', 72, 0, '10.09.2019'),
(13, 'Bill Gates', 'billgate@gmail.com', 'Máy chỉ hiện được phần trăm pin mà không hiển thị được thời gian dự đoán thời gian sử dụng còn lại.', 88, 0, '12.09.2019'),
(14, 'Pham Van Chien', 'phamvanchien3605@gmail.com', 'fffffffffffffffffffffff', 93, 0, '31.10.2019'),
(15, 'Chiến', 'chien@gmail.com', 'dddddddddddddddddddddd', 103, 0, '01.11.2019'),
(16, 'Chiến', 'phamvanchien3605@gmail.com', '', 107, 0, '01.11.2019'),
(17, 'Chiến', 'phamvanchien3605@gmail.com', 'dfdfgfgfghghghghgh', 107, 0, '01.11.2019'),
(18, 'Phạm Văn Chiến', 'phamvanchien@gmail.com', 'Tai nghe dỏm', 82, 0, '01.11.2019');

-- --------------------------------------------------------

--
-- Table structure for table `comment_news`
--

CREATE TABLE `comment_news` (
  `ID` int(250) UNSIGNED NOT NULL,
  `FullName` varchar(250) CHARACTER SET utf8mb4 COLLATE utf8mb4_vietnamese_ci NOT NULL,
  `Email` varchar(250) CHARACTER SET utf8mb4 COLLATE utf8mb4_vietnamese_ci NOT NULL,
  `message` varchar(250) CHARACTER SET utf8mb4 COLLATE utf8mb4_vietnamese_ci NOT NULL,
  `newsID` int(250) NOT NULL
) ENGINE=InnoDB DEFAULT CHARSET=utf8;

--
-- Dumping data for table `comment_news`
--

INSERT INTO `comment_news` (`ID`, `FullName`, `Email`, `message`, `newsID`) VALUES
(1, 'Angela', 'Angela@gmail.com', 'Lorem ipsum dolor sit amet, consectetur adipiscing elit. Sed tincidunt, erat in malesuada aliquam, est erat faucibus purus, eget viverra nulla sem vitae neque. Quisque id sodales libero. In nec enim nisi, in ultricies quam. Sed lacinia feugiat velit,', 1),
(2, 'Phạm Văn Chiến', 'phamvanchien3605@gmail.com', 'hhsgdhsghdsghdgg', 1);

-- --------------------------------------------------------

--
-- Table structure for table `configuration`
--

CREATE TABLE `configuration` (
  `ProductID` int(10) UNSIGNED NOT NULL,
  `CPU` varchar(250) CHARACTER SET utf8mb4 COLLATE utf8mb4_vietnamese_ci NOT NULL,
  `RAM` varchar(250) CHARACTER SET utf8mb4 COLLATE utf8mb4_vietnamese_ci NOT NULL,
  `Drive` varchar(500) CHARACTER SET utf8mb4 COLLATE utf8mb4_vietnamese_ci NOT NULL,
  `Monitor` varchar(250) CHARACTER SET utf8mb4 COLLATE utf8mb4_vietnamese_ci NOT NULL,
  `CardMonitor` varchar(250) CHARACTER SET utf8mb4 COLLATE utf8mb4_vietnamese_ci NOT NULL,
  `Gate` varchar(250) CHARACTER SET utf8mb4 COLLATE utf8mb4_vietnamese_ci NOT NULL,
  `System` varchar(250) CHARACTER SET utf8mb4 COLLATE utf8mb4_vietnamese_ci NOT NULL,
  `Size` varchar(250) CHARACTER SET utf8mb4 COLLATE utf8mb4_vietnamese_ci NOT NULL
) ENGINE=InnoDB DEFAULT CHARSET=utf8;

--
-- Dumping data for table `configuration`
--

INSERT INTO `configuration` (`ProductID`, `CPU`, `RAM`, `Drive`, `Monitor`, `CardMonitor`, `Gate`, `System`, `Size`) VALUES
(67, 'Intel Core i5 Coffee Lake, 8265U, 1.60 GHz', '4 GB, DDR4 (On board +1 khe), 2133 MHz', 'HDD: 1 TB SATA3, Intel Optane 16GB', '15.6 inch, Full HD (1920 x 1080)', 'Card đồ họa tích hợp, Intel® UHD Graphics 620', '2 x USB 3.0, HDMI, LAN (RJ45), USB Type-C', 'Windows 10 pro', 'Dày 22.45 mm, 2.0 kg'),
(69, 'Intel Core i5 Coffee Lake, 8265U, 1.60 GHz', '8 GB, DDR4 (2 khe), 2400 MHz', 'SSD 256GB NVMe PCIe', '15.6 inch, Full HD (1920 x 1080)', 'Card đồ họa tích hợp, Intel® UHD Graphics 620', '2 x USB 3.0, HDMI, USB 2.0', '	Windows 10 Home SL', 'Dày 19.9mm, 1.73 kg'),
(70, '', '', '', '', '', '', '', ''),
(71, 'Intel Pentium, N5000, 1.10 GHz', '4 GB, DDR4 (1 khe), 2133 MHz', 'eMMC: 64 GB, Hỗ trợ khe cắm SSD M.2 PCIe', '14 inch, Full HD (1920 x 1080)', 'Card đồ họa tích hợp, Intel® UHD Graphics 605', '2 x USB 3.0, HDMI, USB 2.0, USB Type-C', 'Windows 10 Home SL', 'Dày 14.95 mm, 1.3 kg'),
(72, 'Intel Core i5 Coffee Lake, 8265U, 1.60 GHz', '4 GB, DDR4 (2 khe), 2666 MHz', 'HDD: 1 TB SATA3, Hỗ trợ khe cắm SSD M.2 PCIe', '15.6 inch, Full HD (1920 x 1080)', 'Card đồ họa rời, AMD Radeon 520, 2GB', 'HDMI 1.4, 2 x USB 3.1, USB 2.0', 'Windows 10 Home SL', 'Dày 27 mm, 2.28 kg'),
(73, 'Intel Core i7 Coffee Lake, 8565U', '8 GB, DDR4 (1 khe), 2400 MHz', 'SSD: 512 GB M.2 PCIe', '15.6 inch, Full HD (1920 x 1080)', 'Card đồ họa rời, NVIDIA GeForce MX230 2GB', '2 x USB 2.0, USB 3.1, HDMI, USB Type-C', 'Windows 10 Home SL', 'Dày 23.4 mm, 1.9 kg'),
(74, 'Intel Core i3 Coffee Lake, 8145U, 2.10 GHz', '4 GB, DDR4 (1 khe), 2400 MHz', 'HDD: 1 TB SATA3', '14 inch, Full HD (1920 x 1080)', 'Card đồ họa tích hợp, Intel® UHD Graphics 620', '2 x USB 3.0, HDMI, LAN (RJ45), USB Type-C', 'Windows 10 Home SL', 'Dày 19.9 mm, 1.53 kg'),
(75, 'Intel Core i3 Coffee Lake, 8145U, 2.10 GHz', '4 GB, DDR4 (1 khe), 2400 MHz', 'HDD: 1 TB SATA3', '14 inch, Full HD (1920 x 1080)', 'Card đồ họa tích hợp, Intel® UHD Graphics 620', '2 x USB 3.0, HDMI, LAN (RJ45), USB Type-C', 'Windows 10 Home SL', 'Dày 19.9 mm, 1.53 kg'),
(76, 'Intel Core i5 Coffee Lake, 8250U, 1.60 GHz', '8 GB, DDR4 (1 khe), 2400 MHz', 'SSD 256GB NVMe PCIe', '14 inch, Full HD (1920 x 1080)', 'Card đồ họa rời, NVIDIA Geforce MX130, 2GB', '2 x USB 3.0, HDMI, USB Type-C', 'Windows 10 Home SL', 'Dày 16.4 mm, 1.49 kg'),
(77, 'Intel Core i5 Coffee Lake, 8250U, 1.60 GHz', '8 GB, DDR4 (1 khe), 2400 MHz', 'SSD 256GB NVMe PCIe', '14 inch, Full HD (1920 x 1080)', 'Card đồ họa rời, NVIDIA Geforce MX130, 2GB', '2 x USB 3.0, HDMI, USB Type-C', 'Windows 10 Home SL', 'Dày 16.4 mm, 1.49 kg'),
(78, '', '', '', '', '', '', '', ''),
(79, '', '', '', '', '', '', '', ''),
(80, 'Intel Core i5 Broadwell, 1.80 GHz', '8 GB, DDR3L(On board), 1600 MHz', 'SSD: 128 GB', '13.3 inch, WXGA+(1440 x 900)', 'Card đồ họa tích hợp, Intel HD Graphics 6000', 'MagSafe 2, 2 x USB 3.0, Thunderbolt 2', 'Mac OS', 'Dày 17 mm, 1.35 Kg'),
(81, '', '', '', '', '', '', '', ''),
(82, '', '', '', '', '', '', '', ''),
(83, '', '', '', '', '', '', '', ''),
(84, '', '', '', '', '', '', '', ''),
(85, '', '', '', '', '', '', '', ''),
(86, 'Intel Core i3 Kabylake, 7020U, 2.30 GHz', '4 GB, DDR4 (2 khe), 2666 MHz', 'HDD: 1 TB SATA3, Hỗ trợ khe cắm SSD M.2 PCIe', '14 inch, HD (1366 x 768)', 'Card đồ họa tích hợp, Intel® UHD Graphics 620', 'HDMI 1.4, 2 x USB 3.1, LAN (RJ45), USB 2.0, VGA (D-Sub)', 'Windows 10 Home SL', 'Dày 21 mm, 1.79 kg'),
(87, 'Intel Core i3 Coffee Lake, 8145U, 2.10 GHz', '4 GB, DDR4 (1 khe), 2666 MHz', 'HDD: 1 TB SATA3, Hỗ trợ khe cắm SSD M.2 PCIe', '14 inch, Full HD (1920 x 1080)', 'Card đồ họa tích hợp, Intel® UHD Graphics 620', '2 x USB 3.0, HDMI, LAN (RJ45), USB Type-C', 'Windows 10 Home SL', 'Dày 17.9 mm, 1.6 kg'),
(88, 'Intel Core i7 Coffee Lake, 8750H, 2.20 GHz', '8 GB, DDR4 (2 khe), 2666 MHz', 'SSD 128GB M2 PCIe, HDD: 1 TB', '15.6 inch, Full HD (1920 x 1080)', 'Card đồ họa rời, NVIDIA GeForce GTX 1050, 4GB', 'HDMI 1.4, 2 x USB 3.0, LAN (RJ45), USB 2.0, USB Type-C', 'Windows 10 Home SL', 'Dày 17.9 mm, 2.17 kg'),
(92, 'Intel Core i5 Coffee Lake, 8265U, 1.60 GHz', '8 GB, DDR4 (On board), 2400 MHz', 'SSD 256GB NVMe PCIe', '15.6 inch, Full HD (1920 x 1080)', 'Card đồ họa rời, NVIDIA GeForce GTX 1050, 2 GB', 'USB 3.1, HDMI, USB 3.0, USB Type-C', 'Windows 10 Home SL', 'Dày 17.9 mm, 1.6 kg'),
(93, 'Intel Core i5 Coffee Lake, 1.60 GHz', '8 GB, DDR3, 2133 MHz', 'SSD: 256 GB', '13.3 inch, Retina (2560 x 1600)', 'Card đồ họa tích hợp, Intel UHD Graphics 617', '2 x Thunderbolt 3 (USB-C)', 'Mac OS', 'Dày 4.1 đến 15.6 mm, 1.25 kg'),
(94, 'Intel Core i5 Coffee Lake, 8300H, 2.30 GHz', '8 GB, DDR4 (2 khe), 2666 MHz', 'SSD 128GB M2 PCIe, HDD: 1 TB SATA3', '15.6 inch, Full HD (1920 x 1080)', 'Card đồ họa rời, NVIDIA GeForce GTX 1050Ti, 4GB', 'HDMI 2.0, 2 x USB 3.0, LAN (RJ45), USB 2.0', 'Windows 10 Home SL', 'Dày 25.8 mm, 2.2 kg'),
(95, '', '', '', '', '', '', '', ''),
(96, 'Intel Core i7 Coffee Lake, 9750H, 2.60 GHz', '8 GB, DDR3L(On board+1Khe), 2666 MHz', 'HDD: 1 TB SATA3, Hỗ trợ khe cắm SSD M.2 PCIe', '15.6 inch, Full HD (1920 x 1080)', 'Card đồ họa rời, NVIDIA GeForce GTX 1050, 3GB', '2 x USB 3.1, HDMI, LAN (RJ45), USB Type-C', 'Windows 10 Home SL', 'Dày 11.9 mm, 2.14 kg'),
(97, 'Intel Core i5 Coffee Lake, 8265U, 1.60 GHz', '8 GB, DDR4 (2 khe), 2133 MHz', 'SSD 256GB NVMe PCIe', '14 inch, Full HD (1920 x 1080)', 'Card đồ họa tích hợp, Intel® UHD Graphics 620', '2 x USB 3.0, HDMI, USB 2.0, USB Type-C', 'Windows 10 Home SL', 'Dày 17.95 mm, 1.5 kg'),
(98, 'Intel Pentium, N5000, 1.10 GHz', '4 GB, DDR4 (1 khe), 2400 MHz', 'HDD: 500 GB SATA3', '15.6 inch, HD (1366 x 768)', 'Card đồ họa tích hợp, Intel® HD Graphics', '2 x USB 3.1, HDMI, LAN (RJ45), USB 2.0', 'Windows 10 Home SL', 'Dày 22.5 mm, 1.77 kg'),
(99, '', '', '', '', '', '', '', ''),
(107, '', '', '', '', '', '', '', ''),
(110, '', '', '', '', '', '', '', '');

-- --------------------------------------------------------

--
-- Table structure for table `customers`
--

CREATE TABLE `customers` (
  `ID` int(5) NOT NULL,
  `Email` varchar(250) CHARACTER SET utf8mb4 COLLATE utf8mb4_vietnamese_ci NOT NULL,
  `Password` varchar(250) CHARACTER SET utf8mb4 COLLATE utf8mb4_vietnamese_ci NOT NULL,
  `FirstName` varchar(250) CHARACTER SET utf8mb4 COLLATE utf8mb4_vietnamese_ci NOT NULL,
  `LastName` varchar(250) CHARACTER SET utf8mb4 COLLATE utf8mb4_vietnamese_ci NOT NULL,
  `Date` varchar(250) CHARACTER SET utf8mb4 COLLATE utf8mb4_vietnamese_ci NOT NULL,
  `Birthdate` varchar(250) CHARACTER SET utf8mb4 COLLATE utf8mb4_vietnamese_ci NOT NULL,
  `last_login` varchar(250) CHARACTER SET utf8mb4 COLLATE utf8mb4_vietnamese_ci NOT NULL,
  `status` varchar(250) CHARACTER SET utf8mb4 COLLATE utf8mb4_vietnamese_ci NOT NULL
) ENGINE=InnoDB DEFAULT CHARSET=utf8;

--
-- Dumping data for table `customers`
--

INSERT INTO `customers` (`ID`, `Email`, `Password`, `FirstName`, `LastName`, `Date`, `Birthdate`, `last_login`, `status`) VALUES
(4, 'phamvanchien3605@gmail.com', '7363a0d0604902af7b70b271a0b96480', '', '', '04:55:26 22/09/2019', '3433-02-04', '03/11/2019', 'Đang hoạt động'),
(6, 'phamvanchien2803@gmail.com', '7363a0d0604902af7b70b271a0b96480', '', '', '04:03:30 01/11/2019', '1999-03-28', '01/11/2019', 'Đang hoạt động'),
(7, 'phamvanchien@gmail.com', '7363a0d0604902af7b70b271a0b96480', '', '', '06:53:08 01/11/2019', '1999-05-07', '01/11/2019', 'Đang hoạt động');

-- --------------------------------------------------------

--
-- Table structure for table `newletter`
--

CREATE TABLE `newletter` (
  `ID` int(10) UNSIGNED NOT NULL,
  `Email` varchar(250) CHARACTER SET utf8mb4 COLLATE utf8mb4_vietnamese_ci NOT NULL,
  `CustomerID` int(10) NOT NULL,
  `Date` varchar(250) CHARACTER SET utf8mb4 COLLATE utf8mb4_vietnamese_ci NOT NULL
) ENGINE=InnoDB DEFAULT CHARSET=utf8;

-- --------------------------------------------------------

--
-- Table structure for table `orders`
--

CREATE TABLE `orders` (
  `ID` int(10) UNSIGNED NOT NULL,
  `OrderDate` varchar(250) CHARACTER SET utf8mb4 COLLATE utf8mb4_vietnamese_ci NOT NULL,
  `OrderStatus` varchar(250) CHARACTER SET utf8mb4 COLLATE utf8mb4_vietnamese_ci NOT NULL,
  `CustomerID` int(10) NOT NULL,
  `FirstName` varchar(250) CHARACTER SET utf8mb4 COLLATE utf8mb4_vietnamese_ci NOT NULL,
  `LastName` varchar(250) CHARACTER SET utf8mb4 COLLATE utf8mb4_vietnamese_ci NOT NULL,
  `Email` varchar(250) CHARACTER SET utf8mb4 COLLATE utf8mb4_vietnamese_ci NOT NULL,
  `Phone` varchar(250) CHARACTER SET utf8mb4 COLLATE utf8mb4_vietnamese_ci NOT NULL,
  `address` varchar(250) CHARACTER SET utf8mb4 COLLATE utf8mb4_vietnamese_ci NOT NULL
) ENGINE=InnoDB DEFAULT CHARSET=utf8;

--
-- Dumping data for table `orders`
--

INSERT INTO `orders` (`ID`, `OrderDate`, `OrderStatus`, `CustomerID`, `FirstName`, `LastName`, `Email`, `Phone`, `address`) VALUES
(24, 'Chờ xử lý', '20/09/2019', 2, 'Phạm Văn', 'Chiến', 'phamvanchien2803@gmail.com', '+84345563605', '12/34 Nơ Trang Long, Q.Bình Thạnh'),
(25, 'Hoàn tất', '21/09/2019', 0, 'Phạm Văn', 'Chiến', 'phamvanchien3605@gmail.com', '+84345563605', '12,Nguyễn Văn Bảo,P.4, Gò Vấp'),
(26, 'Hoàn tất', '22/09/2019', 0, 'Phạm Văn', 'Chiến', 'phamvanchien3605@gmail.com', '+84345563605', '12/34 Nơ Trang Long, Q.Bình Thạnh'),
(27, 'Chờ xử lý', '22/09/2019', 4, 'Phạm Văn', 'Chiến', 'phamvanchien@gmail.com', '+84345563605', '12,Nguyễn Văn Bảo,P.4, Gò Vấp'),
(28, 'Chờ xử lý', '22/09/2019', 0, 'Phạm', 'Chiến', 'phamvanchien@gmail.com', '+84345563605', '12/34 Nơ Trang Long, Q.Bình Thạnh'),
(29, 'Hoàn tất', '10/10/2019', 4, 'Chiến', 'Chiến', 'phamvanchien3605@gmail.com', '+84345563605', 'TP.Hồ Chí Minh'),
(30, '<b>Hoàn tất</b>', '01/11/2019', 0, 'Phạm Văn', 'Chiến', 'phamvanchienIUH@gmail.com', '0345563605', '12,Nguyễn Văn Bảo,P.4, Gò Vấp'),
(31, 'Chờ xử lý', '01/11/2019', 0, 'Phạm Văn', 'Chiến', 'phamvanchien@gmail.com', '0345563605', '12,Nguyễn Văn Bảo,P.4, Gò Vấp');

-- --------------------------------------------------------

--
-- Table structure for table `order_detail`
--

CREATE TABLE `order_detail` (
  `OrderID` int(250) NOT NULL,
  `ProductName` varchar(250) CHARACTER SET utf8mb4 COLLATE utf8mb4_vietnamese_ci NOT NULL,
  `UnitPrice` varchar(250) CHARACTER SET utf8mb4 COLLATE utf8mb4_vietnamese_ci NOT NULL,
  `Price` varchar(250) CHARACTER SET utf8mb4 COLLATE utf8mb4_vietnamese_ci NOT NULL,
  `Quantity` int(250) NOT NULL,
  `ProductID` int(250) NOT NULL,
  `CustomerID` int(250) NOT NULL
) ENGINE=InnoDB DEFAULT CHARSET=utf8;

--
-- Dumping data for table `order_detail`
--

INSERT INTO `order_detail` (`OrderID`, `ProductName`, `UnitPrice`, `Price`, `Quantity`, `ProductID`, `CustomerID`) VALUES
(24, 'Apple Macbook Air 2017 i5', '22990000', '22990000', 1, 80, 0),
(25, 'Dell Vostro 14 3481 i3 7020U/4GB', '12290000', '12290000', 1, 86, 0),
(26, 'Lenovo IdeaPad L340 15IRH i7 /8GB', '21990000', '21990000', 1, 96, 0),
(27, 'Acer Swift 3 SF314 56 50AZ i5 /8GB', '18790000', '18790000', 1, 97, 0),
(28, 'Dell Vostro 14 3481 i3 7020U/4GB', '12290000', '12290000', 1, 86, 0),
(29, 'Acer Swift 3 SF314 56 50AZ i5 /8GB', '18790000', '18790000', 1, 97, 0),
(30, 'Huawei P30 Pro', '41380000', '20690000', 2, 103, 0),
(31, 'Realme 3 (3GB/32GB)', '3290000', '3290000', 1, 106, 0),
(31, 'Vivo Y91', '3490000', '3490000', 1, 107, 0),
(31, 'Loa Bluetooth iCutes MB-M916 Cú Đen', '400000', '400000', 1, 95, 0),
(31, 'Vivo Y11', '2990000', '2990000', 1, 112, 0);

-- --------------------------------------------------------

--
-- Table structure for table `posts`
--

CREATE TABLE `posts` (
  `ID` int(10) UNSIGNED NOT NULL,
  `Title` varchar(1000) CHARACTER SET utf8mb4 COLLATE utf8mb4_vietnamese_ci NOT NULL,
  `Content` varchar(10000) CHARACTER SET utf8mb4 COLLATE utf8mb4_vietnamese_ci NOT NULL,
  `image` varchar(250) CHARACTER SET utf8mb4 COLLATE utf8mb4_vietnamese_ci NOT NULL,
  `Status` varchar(250) CHARACTER SET utf8mb4 COLLATE utf8mb4_vietnamese_ci NOT NULL,
  `datePost` varchar(250) CHARACTER SET utf8mb4 COLLATE utf8mb4_vietnamese_ci NOT NULL,
  `Posted_by` int(250) NOT NULL
) ENGINE=InnoDB DEFAULT CHARSET=utf8;

--
-- Dumping data for table `posts`
--

INSERT INTO `posts` (`ID`, `Title`, `Content`, `image`, `Status`, `datePost`, `Posted_by`) VALUES
(1, 'A Beautiful Day – Standard Post With Image', 'Lorem ipsum dolor sit amet, consectetur adipiscing elit. Sed tincidunt, erat in malesuada aliquam, est erat faucibus purus, eget viverra nulla sem vitae neque. Quisque id sodales libero. In nec enim nisi, in ultricies quam. Sed lacinia feugiat velit,', '', '', '4/10', 1);

-- --------------------------------------------------------

--
-- Table structure for table `products`
--

CREATE TABLE `products` (
  `ID` int(5) UNSIGNED NOT NULL,
  `ProductName` varchar(500) CHARACTER SET utf8mb4 COLLATE utf8mb4_vietnamese_ci NOT NULL,
  `UnitPrice` float NOT NULL,
  `UnitSale` float NOT NULL,
  `Discription` mediumtext CHARACTER SET utf8mb4 COLLATE utf8mb4_vietnamese_ci NOT NULL,
  `Information` mediumtext CHARACTER SET utf8mb4 COLLATE utf8mb4_vietnamese_ci NOT NULL,
  `avatar` varchar(500) CHARACTER SET utf8mb4 COLLATE utf8mb4_vietnamese_ci NOT NULL,
  `gallery_1` varchar(500) CHARACTER SET utf8mb4 COLLATE utf8mb4_vietnamese_ci NOT NULL,
  `gallery_2` varchar(500) CHARACTER SET utf8mb4 COLLATE utf8mb4_vietnamese_ci NOT NULL,
  `gallery_3` varchar(500) CHARACTER SET utf8mb4 COLLATE utf8mb4_vietnamese_ci NOT NULL,
  `gallery_4` varchar(500) CHARACTER SET utf8mb4 COLLATE utf8mb4_vietnamese_ci NOT NULL,
  `gallery_5` varchar(500) CHARACTER SET utf8mb4 COLLATE utf8mb4_vietnamese_ci NOT NULL,
  `gallery_6` varchar(500) CHARACTER SET utf8mb4 COLLATE utf8mb4_vietnamese_ci NOT NULL,
  `DatePost` varchar(250) CHARACTER SET utf8mb4 COLLATE utf8mb4_vietnamese_ci NOT NULL,
  `Dateupdate` varchar(20) CHARACTER SET utf8mb4 COLLATE utf8mb4_vietnamese_ci NOT NULL,
  `BrandID` int(5) NOT NULL,
  `CategoryID` int(5) NOT NULL,
  `Status` varchar(250) CHARACTER SET utf8mb4 COLLATE utf8mb4_vietnamese_ci NOT NULL,
  `Waranty` varchar(10) CHARACTER SET utf8mb4 COLLATE utf8mb4_vietnamese_ci NOT NULL
) ENGINE=InnoDB DEFAULT CHARSET=utf8;

--
-- Dumping data for table `products`
--

INSERT INTO `products` (`ID`, `ProductName`, `UnitPrice`, `UnitSale`, `Discription`, `Information`, `avatar`, `gallery_1`, `gallery_2`, `gallery_3`, `gallery_4`, `gallery_5`, `gallery_6`, `DatePost`, `Dateupdate`, `BrandID`, `CategoryID`, `Status`, `Waranty`) VALUES
(67, 'Acer Aspire A515 53 5112 i5 8265U', 14890000, 13990000, '<h2>Laptop Acer Aspire A515 (NX.H6DSV.002) vừa được Acer cho ra mắt với một thiết kế trẻ trung, năng động cùng với cấu hình khỏe đáp ứng tốt nhu cầu xử lý các ứng dụng văn phòng cũng như đồ họa cơ bản chắc chắn, đây sẽ là một sự lựa chọn đáng để cân nhắc cho các bạn sinh viên hoặc nhân viên văn phòng trong phân khúc.</h2>\r\n\r\n<p> </p>\r\n\r\n<h3>Thiết kế hài hoà, thuận tiện di chuyển</h3>\r\n\r\n<p>Với vỏ ngoài được hoàn thiện tỉ mỉ từ chất liệu nhựa, cùng với đó là hai tông màu đen và bạc làm chủ đạo tạo nên một sự năng động, trẻ trung nhưng cũng không kém phần trang nhã cho sản phẩm. Bên cạnh đó là trọng lượng 2kg giúp bạn có thể linh động di chuyển cùng với laptop Acer Aspire A515 (NX.H6DSV.002) đến công ty hoặc trường học mà không cảm thấy mệt mỏi.</p>\r\n\r\n<p><a href=\"https://www.thegioididong.com/images/44/198790/acer-aspire-a515-53-5112-i5-8265u-4gb-16gb-1tb-win-conent-33397-thieketgdd.jpg\"><img alt=\"Thiết kế thanh lịch trên laptop văn phòng Acer Aspire A515 53 5112 i5 (NX.H6DSV.002)\" src=\"https://cdn.tgdd.vn/Products/Images/44/198790/acer-aspire-a515-53-5112-i5-8265u-4gb-16gb-1tb-win-conent-33397-thieketgdd.jpg\" style=\"border-style:initial; border-width:0px; height:auto; margin:10px auto\" /></a></p>\r\n\r\n<h3>Trải nghiệm hình ảnh chân thật, sắc nét đến từng chi tiết</h3>\r\n\r\n<p>Với màn hình rộng lớn <strong>15.6 inch</strong> cùng độ phân giải <strong>Full HD (1920 x 1080)</strong> và được tích hợp thêm công nghệ màn hình <strong>chống chói Acer ComfyView</strong> giúp cho bạn có những trải nghiệm hình ảnh tuyệt vời ở bất kì nơi đâu với độ sắc nét cao, kể cả khi bạn đang sử dụng trong điều kiện ngược sáng.  </p>\r\n\r\n<p><a href=\"https://www.thegioididong.com/images/44/198790/acer-aspire-a515-53-5112-i5-8265u-4gb-16gb-1tb-win-conent-33397-manhinhtgdd.jpg\"><img alt=\"Màn hình sắc nét trên laptop văn phòng Acer Aspire A515 53 5112 i5 (NX.H6DSV.002)\" src=\"https://cdn.tgdd.vn/Products/Images/44/198790/acer-aspire-a515-53-5112-i5-8265u-4gb-16gb-1tb-win-conent-33397-manhinhtgdd.jpg\" style=\"border-style:initial; border-width:0px; height:auto; margin:10px auto\" /></a></p>\r\n\r\n<h3>Cấu hình mạnh mẽ, xử lý tốt nhu cầu đồ họa cơ bản</h3>\r\n\r\n<p>Máy tính xách tay <strong>Acer Aspire A515 (NX.H6DSV.002)</strong> được trang bị bộ vi xử lý <strong>thế hệ thứ 8</strong> mạnh mẽ <strong>Intel core i5-8265U</strong> kết hợp cùng bộ nhớ <strong>RAM DDR4 4GB</strong> giúp cho bạn có thể xử lý mượt mà các ứng dụng văn phòng cũng như chạy tốt các ứng dụng đồ họa cơ bản như photoshop, Corel,...</p>\r\n\r\n<p><a href=\"https://www.thegioididong.com/images/44/198790/acer-aspire-a515-53-5112-i5-8265u-4gb-16gb-1tb-win-conent-33397-cauhinhtgdd.jpg\"><img alt=\"Cấu hình mạnh mẽ trên laptop văn phòng Acer Aspire A515 53 5112 i5 (NX.H6DSV.002)\" src=\"https://cdn.tgdd.vn/Products/Images/44/198790/acer-aspire-a515-53-5112-i5-8265u-4gb-16gb-1tb-win-conent-33397-cauhinhtgdd.jpg\" style=\"border-style:initial; border-width:0px; height:auto; margin:10px auto\" /></a></p>\r\n\r\n<h3>Khởi động nhanh chóng cùng bộ nhớ <strong>Intel Optane 16GB</strong></h3>\r\n\r\n<p>Giờ đây, việc tối ưu hóa thời gian khởi động hệ điều hành cũng như các ứng dụng thường xuyên sử dụng đã không còn là vấn đề khi chiếc laptop Acer đã được nhà sản xuất tích hợp bộ nhớ Intel Optane 16GB, giúp tiết kiệm và tối ưu hơn thời gian làm việc của bạn.</p>\r\n\r\n<p> </p>\r\n\r\n<p> </p>\r\n\r\n<h3>Tích hợp bàn phím số tiện lợi</h3>\r\n\r\n<p>Bàn phím của laptop Acer Aspire A515 (NX.H6BSV.005) đã được nhà sản xuất tích hợp thêm Numpad giúp cho người dùng có thể thao tác</p>\r\n', '<ul>\r\n	<li>Cơ hội trúng 450 suất học bổng trị giá 4.5 tỷ đồng (áp dụng từ 01/08 - 31/10) </li>\r\n	<li>Giảm ngay 30% tại 26 Trung tâm Laptop Khai Trương (từ 06/09 - 12/09, áp dụng kèm đổi điểm thi - không kèm khuyến mãi khác) </li>\r\n	<li>Mua kèm Office 365 Personal ưu đãi giảm 600.000đ</li>\r\n	<li>Tặng suất mua Đồng hồ thời trang, mắt kính giảm ngay 40% (HSD: 7 ngày từ ngày mua hàng, không áp dụng KM khác). </li>\r\n	<li>Mua Loa k&ea</li>\r\n</ul>\r\n', 'acer-aspire-a515-53-5112-i5-8265u-4gb-16gb-1tb-win-1-1-33397-1-600x600.jpg', 'acer-aspire-a515-53-5112-i5-8265u-4gb-16gb-1tb-win-1-1-33397-1-600x600.jpg', 'acer-aspire-a515-53-5112-i5-8265u-4gb-16gb-1tb-win-1-1-33397-1-600x600.jpg', 'acer-aspire-a515-53-5112-i5-8265u-4gb-16gb-1tb-win-1-1-33397-1-600x600.jpg', 'acer-aspire-a515-53-5112-i5-8265u-4gb-16gb-1tb-win-1-1-33397-1-600x600.jpg', 'acer-aspire-a515-53-5112-i5-8265u-4gb-16gb-1tb-win-1-1-33397-1-600x600.jpg', 'acer-aspire-a515-53-5112-i5-8265u-4gb-16gb-1tb-win-1-1-33397-1-600x600.jpg', '08/09/2019', '01/11/2019', 2, 1, 'Còn hàng', '2 năm'),
(69, 'Acer Aspire A515 53 5112 i5 8265U', 15290000, 14590000, '<p><h2>Laptop Acer Aspire A515 (NX.H6DSV.002) vừa được Acer cho ra mắt với một thiết kế trẻ trung, năng động cùng với cấu hình khỏe đáp ứng tốt nhu cầu xử lý các ứng dụng văn phòng cũng như đồ họa cơ bản chắc chắn, đây sẽ là một sự lựa chọn đáng để cân nhắc cho các bạn sinh viên hoặc nhân viên văn phòng trong phân khúc.</h2></p><p><br></p><p><p> </p></p><p><br></p><p><h3>Thiết kế hài hoà, thuận tiện di chuyển</h3></p><p><br></p><p><p>Với vỏ ngoài được hoàn thiện tỉ mỉ từ chất liệu nhựa, cùng với đó là hai tông màu đen và bạc làm chủ đạo tạo nên một sự năng động, trẻ trung nhưng cũng không kém phần trang nhã cho sản phẩm. Bên cạnh đó là trọng lượng 2kg giúp bạn có thể linh động di chuyển cùng với laptop Acer Aspire A515 (NX.H6DSV.002) đến công ty hoặc trường học mà không cảm thấy mệt mỏi.</p></p><p><br></p><p><p><a href=\"https://www.thegioididong.com/images/44/198790/acer-aspire-a515-53-5112-i5-8265u-4gb-16gb-1tb-win-conent-33397-thieketgdd.jpg\"><img alt=\"Thiết kế thanh lịch trên laptop văn phòng Acer Aspire A515 53 5112 i5 (NX.H6DSV.002)\" src=\"https://cdn.tgdd.vn/Products/Images/44/198790/acer-aspire-a515-53-5112-i5-8265u-4gb-16gb-1tb-win-conent-33397-thieketgdd.jpg\" style=\"border-style:initial; border-width:0px; height:auto; margin:10px auto\" /></a></p></p><p><br></p><p><h3>Trải nghiệm hình ảnh chân thật, sắc nét đến từng chi tiết</h3></p><p><br></p><p><p>Với màn hình rộng lớn <strong>15.6 inch</strong> cùng độ phân giải <strong>Full HD (1920 x 1080)</strong> và được tích hợp thêm công nghệ màn hình <strong>chống chói Acer ComfyView</strong> giúp cho bạn có những trải nghiệm hình ảnh tuyệt vời ở bất kì nơi đâu với độ sắc nét cao, kể cả khi bạn đang sử dụng trong điều kiện ngược sáng.  </p></p><p><br></p><p><p><a href=\"https://www.thegioididong.com/images/44/198790/acer-aspire-a515-53-5112-i5-8265u-4gb-16gb-1tb-win-conent-33397-manhinhtgdd.jpg\"><img alt=\"Màn hình sắc nét trên laptop văn phòng Acer Aspire A515 53 5112 i5 (NX.H6DSV.002)\" src=\"https://cdn.tgdd.vn/Products/Images/44/198790/acer-aspire-a515-53-5112-i5-8265u-4gb-16gb-1tb-win-conent-33397-manhinhtgdd.jpg\" style=\"border-style:initial; border-width:0px; height:auto; margin:10px auto\" /></a></p></p><p><br></p><p><h3>Cấu hình mạnh mẽ, xử lý tốt nhu cầu đồ họa cơ bản</h3></p><p><br></p><p><p>Máy tính xách tay <strong>Acer Aspire A515 (NX.H6DSV.002)</strong> được trang bị bộ vi xử lý <strong>thế hệ thứ 8</strong> mạnh mẽ <strong>Intel core i5-8265U</strong> kết hợp cùng bộ nhớ <strong>RAM DDR4 4GB</strong> giúp cho bạn có thể xử lý mượt mà các ứng dụng văn phòng cũng như chạy tốt các ứng dụng đồ họa cơ bản như photoshop, Corel,...</p></p><p><br></p><p><p><a href=\"https://www.thegioididong.com/images/44/198790/acer-aspire-a515-53-5112-i5-8265u-4gb-16gb-1tb-win-conent-33397-cauhinhtgdd.jpg\"><img alt=\"Cấu hình mạnh mẽ trên laptop văn phòng Acer Aspire A515 53 5112 i5 (NX.H6DSV.002)\" src=\"https://cdn.tgdd.vn/Products/Images/44/198790/acer-aspire-a515-53-5112-i5-8265u-4gb-16gb-1tb-win-conent-33397-cauhinhtgdd.jpg\" style=\"border-style:initial; border-width:0px; height:auto; margin:10px auto\" /></a></p></p><p><br></p><p><h3>Khởi động nhanh chóng cùng bộ nhớ <strong>Intel Optane 16GB</strong></h3></p><p><br></p><p><p>Giờ đây, việc tối ưu hó', '<p>Giảm ngay 700.000đ (đã trừ vào giá) </p>\r\n\r\n<p>Cơ hội trúng 450 suất học bổng trị giá 4.5 tỷ đồng (áp dụng từ 01/08 - 31/10) <a href=\"https://www.thegioididong.com/tin-tuc/mua-laptop-moi-dip-tuu-truong-san-ngay-hoc-bong-tong-tri-gia-4-5-ty-1181956\">Xem chi tiết</a></p>\r\n\r\n<p>Giảm ngay 10% tại 26 Trung tâm Laptop Khai Trương (từ 06/09 - 12/09, áp dụng kèm đổi điểm thi - không kèm khuyến mãi khác) <a href=\"http://www.thegioididong.com/tin-tuc/tgdd-khai-truong-them-5-shop-laptop-online-may-ngon-uu-dai-khung-1186910\">Xem chi tiết</a></p>\r\n\r\n<p>Mua kèm Office 365 Personal ưu đãi giảm 600.000đ</p>\r\n\r\n<p>Tặng suất mua Đồng hồ thời trang, mắt kính giảm ngay 40% (HSD: 7 ngày từ ngày mua hàng, không áp dụng KM khác). </p>', 'lenovo-ideapad-s145-15iwl-i5-8265u-8gb-256gb-mx110-19-600x600.jpg', 'lenovo-ideapad-s145-15iwl-i5-8265u-8gb-256gb-mx110-19-600x600.jpg', 'lenovo-ideapad-s145-15iwl-i5-8265u-8gb-256gb-mx110-19-600x600.jpg', 'lenovo-ideapad-s145-15iwl-i5-8265u-8gb-256gb-mx110-19-600x600.jpg', 'lenovo-ideapad-s145-15iwl-i5-8265u-8gb-256gb-mx110-19-600x600.jpg', 'lenovo-ideapad-s145-15iwl-i5-8265u-8gb-256gb-mx110-19-600x600.jpg', 'lenovo-ideapad-s145-15iwl-i5-8265u-8gb-256gb-mx110-19-600x600.jpg', '08/09/2019', '14/10/2019', 3, 4, 'Hết hàng', ''),
(70, 'Tai nghe chụp tai Kanen IP-952', 350000, 230000, '<h3>Giới thiệu sản phẩm</h3>\r\n\r\n<p><a href=\"https://www.thegioididong.com/images/54/70820/tai-nghe-chup-tai-kanen-ip-952-1-11.jpg\"><img alt=\"Tai nghe chụp tai Kanen IP-952\" src=\"https://cdn.tgdd.vn/Products/Images/54/70820/tai-nghe-chup-tai-kanen-ip-952-1-11.jpg\" style=\"border-style:initial; border-width:0px; height:auto; margin:10px auto\" /></a></p>\r\n\r\n<p>&nbsp;</p>\r\n\r\n<p><a href=\"https://www.thegioididong.com/images/54/70820/tai-nghe-chup-tai-kanen-ip-952-3-2.jpg\"><img alt=\"Kích thước tai nghe\" src=\"https://cdn.tgdd.vn/Products/Images/54/70820/tai-nghe-chup-tai-kanen-ip-952-3-2.jpg\" style=\"border-style:initial; border-width:0px; height:auto; margin:10px auto\" /></a></p>\r\n\r\n<p>&nbsp;</p>\r\n\r\n<p><a href=\"https://www.thegioididong.com/images/54/70820/tai-nghe-chup-tai-kanen-ip-952-2-2.jpg\"><img alt=\"Khoảng cách nới lỏng tai nghe\" src=\"https://cdn.tgdd.vn/Products/Images/54/70820/tai-nghe-chup-tai-kanen-ip-952-2-2.jpg\" style=\"border-style:initial; border-width:0px; height:auto; margin:10px auto\" /></a></p>\r\n\r\n<h3><strong>Sử dụng được cho&nbsp;<a href=\"https://www.thegioididong.com/dtdd\" target=\"_blank\">điện thoại</a>,&nbsp;<a href=\"https://www.thegioididong.com/may-tinh-bang\" target=\"_blank\">m&aacute;y t&iacute;nh bảng</a>,&nbsp;<a href=\"https://www.thegioididong.com/laptop\" target=\"_blank\">laptop</a>, m&aacute;y nghe nhạc...</strong></h3>\r\n\r\n<p><a href=\"https://www.thegioididong.com/images/54/70820/tai-nghe-chup-tai-kanen-ip-952-5-1.jpg\"><img alt=\"Sử dụng được cho điện thoại, máy tính bảng, laptop, máy nghe nhạc...\" src=\"https://cdn.tgdd.vn/Products/Images/54/70820/tai-nghe-chup-tai-kanen-ip-952-5-1.jpg\" style=\"border-style:initial; border-width:0px; height:auto; margin:10px auto\" /></a></p>\r\n\r\n<h3><strong>N&uacute;t ấn tương t&aacute;c tốt</strong></h3>\r\n\r\n<p>- Ứng dụng nghe nhạc mặc định: ngừng/chơi nhạc, nhận cuộc gọi, ấn n&uacute;t tr&ograve;n 2 lần để chuyển b&agrave;i.</p>\r\n\r\n<p>- Ứng dụng nhạc online: bạn kh&ocirc;ng thể ấn để chuyển b&agrave;i.</p>\r\n\r\n<p><a href=\"https://www.thegioididong.com/images/54/70820/tai-nghe-chup-tai-kanen-ip-952-4-2.jpg\"><img alt=\"Nút ấn tương tác tốt\" src=\"https://cdn.tgdd.vn/Products/Images/54/70820/tai-nghe-chup-tai-kanen-ip-952-4-2.jpg\" style=\"border-style:initial; border-width:0px; height:auto; margin:10px auto\" /></a></p>\r\n', '<ul>\r\n	<li>M&agrave;u sắc nổi bật, bắt mắt.</li>\r\n	<li>Lớp đệm tai d&agrave;y v&agrave; &ecirc;m, gi&uacute;p đeo tai thoải m&aacute;i v&agrave; hạn chế bị r&aacute;ch.</li>\r\n	<li>C&oacute; thể k&eacute;o d&atilde;n tai nghe 3 cm để vừa vặn hơn khi sử dụng.</li>\r\n	<li>Tương th&iacute;ch với hầu hết điện thoại hiện nay.</li>\r\n	<li>C&oacute; n&uacute;t nhận cuộc gọi, ph&aacute;t/dừng chơi nhạc, tăng/giảm &acirc;m lượng...</li>\r\n	<li>D&acirc;y d&agrave;i 100 cm thoải m&aacute;i để vừa d&ugrave;ng m&aacute;y vừa nghe nhạc.</li>\r\n</ul>\r\n', 'tai-nghe-chup-tai-kanen-ip-952-2-7-600x600.jpg', '1.PNG', '2.PNG', '3.PNG', '4.PNG', '5.PNG', '6.PNG', '08/09/2019', '0', 0, 14, 'Còn hàng', ''),
(71, 'Acer Swift SF114 32 P2SG N5000', 10990000, 0, '<h2>Đặc điểm nổi bật của Acer Swift SF114 32 P2SG N5000/4GB/64GB/Win10 (NX.GZJSV.001)</h2>\r\n\r\n<p><img src=\"https://cdn.tgdd.vn/Products/Images/44/200201/Slider/vi-vn-acer-swift-sf114-32-p2sg-n5000-4gb-64gb-win10-nxg.jpg\" style=\"height:auto; margin:0px; width:780px\" /><img src=\"https://www.thegioididong.com/Content/desktop/images/V4/icon-yt.png\" style=\"height:auto; margin:auto; width:auto\" /></p>\r\n\r\n<p>Bộ sản phẩm chuẩn: S&aacute;ch hướng dẫn, Th&ugrave;ng m&aacute;y, Adapter sạc</p>\r\n\r\n<p>&lsaquo;</p>\r\n\r\n<p>&rsaquo;</p>\r\n\r\n<h2><a href=\"https://www.thegioididong.com/laptop/acer-swift-sf114-32-p2sg-n5000-4gb-64gb-win10-nxg\" target=\"_blank\">Laptop Acer Swift 1</a>&nbsp;l&agrave; mẫu&nbsp;<a href=\"https://www.thegioididong.com/laptop\" target=\"_blank\">laptop</a>&nbsp;c&oacute; ngoại h&igrave;nh sang trọng, thiết kế si&ecirc;u mỏng v&agrave; nhẹ đặc biệt ph&ugrave; hợp với những ai cần di chuyển nhiều hoặc mang theo m&aacute;y đi l&agrave;m h&agrave;ng ng&agrave;y. M&aacute;y sử dụng Chip Intel Pentium, RAM 4 GB đủ d&ugrave;ng phục vụ tốt cho&nbsp;<a href=\"https://www.thegioididong.com/laptop?g=hoc-tap-van-phong\" target=\"_blank\">laptop văn ph&ograve;ng v&agrave; học tập</a>.</h2>\r\n\r\n<p>&nbsp;</p>\r\n\r\n<p>&nbsp;</p>\r\n\r\n<h3>Thiết kế mỏng nhẹ, chắc chắn</h3>\r\n\r\n<p>Sản phẩm được ho&agrave;n thiện từ&nbsp;<strong>vỏ nh&ocirc;m&nbsp;</strong>nguy&ecirc;n khối, đảm bảo sự sang trọng v&agrave; chắc chắn. Với trọng lượng chỉ&nbsp;<strong>1.3 kg</strong>&nbsp;c&ugrave;ng độ mỏng&nbsp;<strong>15 mm</strong>, Acer Swift 1 sẽ l&agrave; mẫu laptop gọn g&agrave;ng, thuận tiện để bạn lu&ocirc;n mang theo b&ecirc;n m&igrave;nh.</p>\r\n\r\n<p><a href=\"https://www.thegioididong.com/images/44/200201/acer-swift-sf114-32-p2sg-n5000-4gb-64gb-win10-nxg-1.gif\"><img alt=\"Thiết kế mỏng nhẹ trên Laptop Acer Swift SF114 32\" src=\"https://cdn.tgdd.vn/Products/Images/44/200201/acer-swift-sf114-32-p2sg-n5000-4gb-64gb-win10-nxg-1.gif\" style=\"border-style:initial; border-width:0px; height:auto; margin:10px auto\" /></a></p>\r\n\r\n<h3>M&agrave;n h&igrave;nh tr&agrave;n viền, h&igrave;nh ảnh sắc n&eacute;t</h3>\r\n\r\n<p>M&agrave;n h&igrave;nh của Laptop Acer Swift SF114 k&iacute;ch thước&nbsp;<strong>14 inch</strong>&nbsp;c&oacute; độ ph&acirc;n giải&nbsp;<strong>Full HD</strong>&nbsp;độ n&eacute;t cao, c&ugrave;ng với&nbsp;<strong><a href=\"https://www.thegioididong.com/hoi-dap/man-hinh-ips-lcd-la-gi-905752\" target=\"_blank\">tấm nền IPS</a></strong>&nbsp;đem đến những m&agrave;u sắc tươi s&aacute;ng bắt mắt cho h&igrave;nh ảnh v&agrave; kh&ocirc;ng bị sai m&agrave;u khi nh&igrave;n từ g&oacute;c nghi&ecirc;ng.</p>\r\n\r\n<p>B&ecirc;n ngo&agrave;i m&agrave;n h&igrave;nh phủ một lớp&nbsp;<strong>chống ch&oacute;i&nbsp;</strong>thuận tiện hơn để sử dụng trong m&ocirc;i trường ngo&agrave;i trời hoặc &aacute;nh s&aacute;ng phức tạp.</p>\r\n\r\n<p><a href=\"https://www.thegioididong.com/images/44/200201/acer-swift-sf114-32-p2sg-n5000-4gb-64gb-win10-nxg-3-1.jpg\"><img alt=\"Màn hình FullHD tràn viền trên Laptop Acer Swift SF114 32\" src=\"https://cdn.tgdd.vn/Products/Images/44/200201/acer-swift-sf114-32-p2sg-n5000-4gb-64gb-win10-nxg-3-1.jpg\" style=\"border-style:initial; border-width:0px; height:auto; margin:10px auto\" /></a></p>\r\n\r\n<h3>Thời lượng pin l&ecirc;n đến 17 giờ</h3>\r\n\r\n<p>L&agrave;m việc v&agrave; học tập tr&ecirc;n laptop Acer Swift114 sẽ &iacute;t bị gi&aacute;n đoạn nhờ thời lượng pin ấn tượng đến<strong>&nbsp;17&nbsp;giờ</strong>&nbsp;sử dụng, ph&ugrave; hợp với những ai thường di chuyển tr&ecirc;n m&aacute;y bay hay &ocirc; t&ocirc; đường d&agrave;i, kh&ocirc;ng phải cắm sạc rười r&agrave; khi thuyết tr&igrave;nh,...</p>\r\n\r\n<p><a href=\"https://www.thegioididong.com/images/44/200201/acer-swift-sf114-32-p2sg-n5000-4gb-64gb-win10-nxg-2-12.jpg\"><img alt=\"Acer Swift SF114 32 P2SG N5000 thời lượng pin 17 giờ\" src=\"https://cdn.tgdd.vn/Products/Images/44/200201/acer-swift-sf114-32-p2sg-n5000-4gb-64gb-win10-nxg-2-12.jpg\" style=\"border-style:initial; border-width:0px; height:auto; margin:10px auto\" /></a></p>\r\n\r\n<h3>Bản lề 180 độ kh&ocirc;ng lo nứt g&atilde;y</h3>\r\n\r\n<p>Bản lề của Laptop&nbsp;Acer Swift SF114 32 c&oacute; thể mở được một g&oacute;c l&ecirc;n đến 180 độ, dễ d&agrave;ng chia sẻ th&ocirc;ng tin trong c&aacute;c cuộc họp, học nh&oacute;m,... Ngo&agrave;i ra điều n&agrave;y cũng kh&aacute; tiện lợi cho những lần v&ocirc; t&igrave;nh mở m&agrave;n h&igrave;nh qu&aacute; tay m&agrave; kh&ocirc;ng sợ bị nứt g&atilde;y bảo lề.</p>\r\n\r\n<p><a href=\"https://www.thegioididong.com/images/44/200201/acer-swift-sf114-32-p2sg-n5000-4gb-64gb-win10-nxg-6-1.jpg\"><img alt=\"Bản lề xoay 180 độ của Acer Swift 1\" src=\"https://cdn.tgdd.vn/Products/Images/44/200201/acer-swift-sf114-32-p2sg-n5000-4gb-64gb-win10-nxg-6-1.jpg\" style=\"border-style:initial; border-width:0px; height:auto; margin:10px auto\" /></a></p>\r\n\r\n<p>&nbsp;</p>\r\n\r\n<h3>Cấu h&igrave;nh cơ bản, đủ d&ugrave;ng</h3>\r\n\r\n<p>Mẫu laptop Acer được trang bị&nbsp;<strong>CPU Intel Pentium</strong>,&nbsp;<strong>4 GB RAM&nbsp;</strong>c', '<p>Cơ hội tr&uacute;ng 450 suất học bổng trị gi&aacute; 4.5 tỷ đồng (&aacute;p dụng từ 01/08 - 31/10)&nbsp;<a href=\"https://www.thegioididong.com/tin-tuc/mua-laptop-moi-dip-tuu-truong-san-ngay-hoc-bong-tong-tri-gia-4-5-ty-1181956\">Xem chi tiết</a></p>\r\n\r\n<p>Giảm ngay 10% tại 26 Trung t&acirc;m Laptop Khai Trương (từ 06/09 - 12/09, &aacute;p dụng k&egrave;m đổi điểm thi - kh&ocirc;ng k&egrave;m khuyến m&atilde;i kh&aacute;c)&nbsp;<a href=\"http://www.thegioididong.com/tin-tuc/tgdd-khai-truong-them-5-shop-laptop-online-may-ngon-uu-dai-khung-1186910\">Xem chi tiết</a></p>\r\n\r\n<p>Mua k&egrave;m Office 365 Personal ưu đ&atilde;i giảm 600.000đ</p>\r\n\r\n<p>Tặng suất mua Đồng hồ thời trang, mắt k&iacute;nh giảm ngay 40% (HSD: 7 ng&agrave;y từ ng&agrave;y mua h&agrave;ng, kh&ocirc;ng &aacute;p dụng KM kh&aacute;c).&nbsp;<a href=\"https://www.thegioididong.com/tin-tuc/dong-ho-duoc-giam-gia-khi-mua-kem-smartphone-table-1166833\" target=\"_blank\">(click xem chi tiết)</a></p>\r\n\r\n<p>Mua Loa k&eacute;o với g', 'acer-swift-sf114-32-p2sg-n5000-4gb-64gb-win10-nxg-600x600.jpg', '7.PNG', '8.PNG', '9.PNG', '10.PNG', '11.PNG', '12.PNG', '08/09/2019', '0', 2, 7, 'Còn hàng', ''),
(72, 'Asus Gaming FX505GD i5 8300H', 20990000, 2000000, '<h3>Thiết kế chuẩn gaming</h3>\r\n\r\n<p><a href=\"https://www.thegioididong.com/laptop-asus\" target=\"_blank\">Laptop Asus</a> FX505GD-BQ088T sở hữu vẻ ngoài của một <a href=\"https://www.thegioididong.com/laptop?g=laptop-gaming\" target=\"_blank\">laptop gaming</a> điển hình, mạnh mẽ và chắc chắn. Cá tính của game thủ sẽ được thể hiện rõ nhờ đèn nền bàn phím RGB cực chất.</p>\r\n\r\n<h3><a href=\"https://www.thegioididong.com/images/44/204140/asus-fx505gd-bq088t-1-1.jpg\"><img alt=\"Laptop gaming Asus FX505GD-BQ088T sở hữu vẻ ngoài của một laptop gaming điển hình, mạnh mẽ và chắc chắn\" src=\"https://cdn.tgdd.vn/Products/Images/44/204140/asus-fx505gd-bq088t-1-1.jpg\" style=\"border-style:initial; border-width:0px; height:auto; margin:10px auto\" /></a></h3>\r\n\r\n<h3>Bứt phá với màn hình IPS viền siêu mỏng</h3>\r\n\r\n<p>Đắm chìm vào trải nghiệm chơi game choáng ngợp với màn hình viền siêu mỏng với tấm nền <strong>IPS</strong> cho góc nhìn siêu rộng. Bên cạnh đó, công nghệ chống chói giúp game thủ có thể chiến những trò chơi yêu thích bất cứ nơi đâu, thậm chí dưới ánh nắng gắt.</p>\r\n\r\n<h3><a href=\"https://www.thegioididong.com/images/44/204140/asus-fx505gd-bq088t-4-1.jpg\"><img alt=\"Laptop gaming Asus FX505GD-BQ088T với màn hình IPS viền siêu mỏng\" src=\"https://cdn.tgdd.vn/Products/Images/44/204140/asus-fx505gd-bq088t-4-1.jpg\" style=\"border-style:initial; border-width:0px; height:auto; margin:10px auto\" /></a></h3>\r\n\r\n<h3>Cấu hình mạnh mẽ, chiến game đã tay</h3>\r\n\r\n<p>Bộ vi xử lý <strong>core i5 thế hệ 8 gen dòng H</strong> cho tốc độ load game hay ứng dụng nhanh chóng. Bên cạnh đó là khả năng đa nhiệm tuyệt vời (mở hơn 40 tab Chrome không giật lag) nhờ<strong> 8 GB RAM</strong>.<a href=\"https://www.thegioididong.com/laptop-asus-tuf-gaming\" target=\"_blank\"> Asus Gaming</a> FX505GD-BQ088T còn cho phép  người dùng nâng cấp bộ nhớ siêu nhanh thông qua <a href=\"https://www.thegioididong.com/hoi-dap/tim-hieu-ve-cac-chuan-toc-do-cua-o-cung-ssd-tren-1115453\" target=\"_blank\">khe cắm SSD</a> M.2.</p>\r\n\r\n<h3><a href=\"https://www.thegioididong.com/images/44/204140/asus-fx505gd-bq088t-2-1.jpg\"><img alt=\"Laptop gaming Asus FX505GD-BQ088T cho tốc độ load game hay ứng dụng nhanh chóng. \" src=\"https://cdn.tgdd.vn/Products/Images/44/204140/asus-fx505gd-bq088t-2-1.jpg\" style=\"border-style:initial; border-width:0px; height:auto; margin:10px auto\" /></a></h3>\r\n\r\n<h3>Card đồ họa rời mạnh mẽ</h3>\r\n\r\n<p><a href=\"https://www.thegioididong.com/hoi-dap/card-do-hoa-geforce-gtx-1050-976580\" target=\"_blank\">NVIDIA GeForce GTX 1050, 4 GB</a> đem đến sức mạnh đồ họa mạnh mẽ, giúp chiến <strong>PUBG, GTA 5, Apex Legends </strong>với cài đặt cấu hình trung bình một cách thoải mái, hạn chế giật lag. Bên cạnh đó, thao tác chỉnh sửa ảnh 3D đơn giản trên Photoshop cũng không thành vấn đề.</p>\r\n\r\n<h3><a href=\"https://www.thegioididong.com/images/44/204140/asus-fx505gd-bq088t-3-1.jpg\"><img alt=\"Laptop gaming Asus FX505GD-BQ088T đem đến sức mạnh đồ họa mạnh mẽ\" src=\"https://cdn.tgdd.vn/Products/Images/44/204140/asus-fx505gd-bq088t-3-1.jpg\" style=\"border-style:initial; border-width:0px; height:auto; margin:10px auto\" /></a></h3>\r\n\r\n<h3>Công nghệ âm thanh DTS Studio Sound™</h3>\r\n\r\n<p>Công nghệ âm thanh <a href=\"https://www.thegioididong.com/hoi-dap/dts-studio-sound-la-gi-953115\" target=\"_blank\">DTS Studio Sound™</a> giúp điều chỉnh chuyên sâu hệ thống âm thanh gốc của máy tính để tạo nên bass, vòm, v.v. Tự do sáng tạo chất âm phù hợp với nhu cầu của bạn.</p>\r\n\r\n<h3><a href=\"https://www.thegioididong.com/images/44/204140/asus-fx505gd-bq088t-5-1.jpg\"><img alt=\"Laptop gaming Asus FX505GD-BQ088T chất âm phù hợp với nhu cầu của bạn.\" src=\"https://cdn.tgdd.vn/Products/Images/44/204140/asus-fx505gd-bq088t-5-1.jpg\" style=\"border-style:initial; border-width:0px; height:auto; margin:10px auto\" /></a></h3>\r\n\r\n<h3>Công nghệ làm mát HyperCool</h3>\r\n\r\n<p>Chơi game lâu không lo nóng máy, giảm tuổi thọ, hiệu năng của <a href=\"https://www.thegioididong.com/laptop\" target=\"_blank\">laptop</a> với công nghệ làm mát <strong>ASUS HyperCool</strong>. Thỏa thích chiến game hàng giờ!</p>\r\n', '<p>Cơ hội trúng 450 suất học bổng trị giá 4.5 tỷ đồng (áp dụng từ 01/08 - 31/10) <a href=\"https://www.thegioididong.com/tin-tuc/mua-laptop-moi-dip-tuu-truong-san-ngay-hoc-bong-tong-tri-gia-4-5-ty-1181956\">Xem chi tiết</a></p>\r\n\r\n<p>Giảm ngay 10% tại 26 Trung tâm Laptop Khai Trương (từ 06/09 - 12/09, áp dụng kèm đổi điểm thi - không kèm khuyến mãi khác) <a href=\"http://www.thegioididong.com/tin-tuc/tgdd-khai-truong-them-5-shop-laptop-online-may-ngon-uu-dai-khung-1186910\">Xem chi tiết</a></p>\r\n\r\n<p>Mua kèm Office 365 Personal ưu đãi giảm 600.000đ</p>\r\n\r\n<p>Tặng suất mua Đồng hồ thời trang, mắt kính giảm ngay 40% (HSD: 7 ngày từ ngày mua hàng, không áp dụng KM khác). <a href=\"https://www.thegioididong.com/tin-tuc/dong-ho-duoc-giam-gia-khi-mua-kem-smartphone-table-1166833\" target=\"_blank\">(click xem chi tiết)</a></p>\r\n\r\n<p>Mua Loa kéo với g', 'asus-fx505gd-bq088t-6-1-1-600x600.jpg', '19.PNG', '20.PNG', '21.PNG', '22.PNG', '23.PNG', '24.PNG', '09/09/2019', '31/10/2019', 5, 3, 'Hàng đang về', ''),
(73, 'Asus Vivobook X509FJ i7 ', 20390000, 18890000, '<h2>Laptop Asus Vivobook X509FJ (EJ133T) là chiếc máy tính xách tay mang đến hiệu năng mạnh mẽ cùng hình ảnh chân thực đáp ứng mọi nhu cầu cho dù là học tập văn phòng hay giải trí. </h2>\r\n\r\n<h3>Nhanh hơn, hiệu suất cao hơn</h3>\r\n\r\n<p>Asus Vivobook X509FJ (EJ133T) có cấu hình mạnh mẽ bao gồm bộ xử lý <strong>Intel Core i7 8565U</strong> thế hệ thứ 8, <strong>RAM 8 GB</strong> có thể đáp ứng tốt nhu cầu học tập, văn phòng, giải trí, đồ họa, giúp bạn có thể hoàn thành mọi công việc nhanh chóng và hiệu quả. </p>\r\n\r\n<p><a href=\"https://www.thegioididong.com/images/44/207680/asus-vivobook-x509f-i7-8565u-8gb-mx230-win10-ej13-5-2-3.jpg\"><img alt=\"Cấu hình Laptop Asus Vivobook X509FJ (EJ133T) \" src=\"https://cdn.tgdd.vn/Products/Images/44/207680/asus-vivobook-x509f-i7-8565u-8gb-mx230-win10-ej13-5-2-3.jpg\" style=\"border-style:initial; border-width:0px; height:auto; margin:10px auto\" /></a></p>\r\n\r\n<p>Bên cạnh đó, chiếc <a href=\"https://www.thegioididong.com/laptop\" target=\"_blank\">laptop</a> này còn được trang bị <strong>ổ cứng SSD : 512 GB, M.2 PCIe</strong> với tốc độ truy xuất dữ liệu nhanh và thoải mái lưu trữ tài liệu, hình ảnh, hay các bộ phim yêu thích. </p>\r\n\r\n<p><a href=\"https://www.thegioididong.com/images/44/207680/asus-vivobook-x509f-i7-8565u-8gb-mx230-win10-ej13-5-2-1.jpg\"><img alt=\"Ổ cứng trên Laptop Asus Vivobook X509FJ (EJ133T) \" src=\"https://cdn.tgdd.vn/Products/Images/44/207680/asus-vivobook-x509f-i7-8565u-8gb-mx230-win10-ej13-5-2-1.jpg\" style=\"border-style:initial; border-width:0px; height:auto; margin:10px auto\" /></a></p>\r\n\r\n<h3>Thiết kế phong cách và khả năng di động cao</h3>\r\n\r\n<p>Thiết kế của laptop Asus Vivobook X509FJ hướng đến người dùng hiện đại với khả năng di chuyển cao với trọng lượng <strong>1.9 kg</strong>. Ngoài ra các góc máy đều được bo tròn tạo cảm giác tinh tế và dễ dàng cầm nắm, di chuyển cho người dùng. </p>\r\n\r\n<p><a href=\"https://www.thegioididong.com/images/44/207680/asus-vivobook-x509f-i7-8565u-8gb-mx230-win10-ej13-5-2-1-1.jpg\"><img alt=\"Thiết kế Laptop Asus Vivobook X509FJ (EJ133T) \" src=\"https://cdn.tgdd.vn/Products/Images/44/207680/asus-vivobook-x509f-i7-8565u-8gb-mx230-win10-ej13-5-2-1-1.jpg\" style=\"border-style:initial; border-width:0px; height:auto; margin:10px auto\" /></a></p>\r\n\r\n<h3>Màn hình FULL HD chống chói</h3>\r\n\r\n<p>Asus Vivobook X509FJ (EJ133T) có màn hình rộng <strong><a href=\"https://www.thegioididong.com/laptop-tren-15-inch\" target=\"_blank\">15.6 inch</a> Full HD (1920 x 1080)</strong> và tấm nền chống chói<strong> 60 Hz</strong> mang đến chất lượng hình ảnh chân thực, rõ nét ngay cả khi ngược sáng. </p>\r\n\r\n<p><a href=\"https://www.thegioididong.com/images/44/207680/asus-vivobook-x509f-i7-8565u-8gb-mx230-win10-ej13-5-2-1-2.jpg\"><img alt=\"Màn hình Laptop Asus Vivobook X509FJ (EJ133T) \" src=\"https://cdn.tgdd.vn/Products/Images/44/207680/asus-vivobook-x509f-i7-8565u-8gb-mx230-win10-ej13-5-2-1-2.jpg\" style=\"border-style:initial; border-width:0px; height:auto; margin:10px auto\" /></a></p>\r\n\r\n<h3>Âm thanh SonicMaster chất lượng</h3>\r\n\r\n<p>Công nghệ âm thanh <strong>SonicMaster</strong> của <a href=\"https://www.thegioididong.com/laptop-asus\" target=\"_blank\">laptop Asus</a> mang đến chất lượng âm thanh chính xác vì cơ chế lọc bỏ tạp âm và khả năng khuếch đại âm thanh cao giúp bạn có những trải nghiệm âm thanh tuyệt vời nhất.</p>\r\n\r\n<p><a href=\"https://www.thegioididong.com/images/44/207680/asus-vivobook-x509f-i7-8565u-8gb-mx230-win10-ej13-4-2.jpg\"><img alt=\"Âm thanh laptop Asus Vivobook X509FJ\" src=\"https://cdn.tgdd.vn/Products/Images/44/207680/asus-vivobook-x509f-i7-8565u-8gb-mx230-win10-ej13-4-2.jpg\" style=\"border-style:initial; border-width:0px; height:auto; margin:10px auto\" /></a></p>\r\n\r\n<h3>Cảm biến vân tay một chạm</h3>\r\n\r\n<p>Cảm biến vân tay tích hợp trong bàn di chuột của laptop Asus Vivobook X509FJ cùng với <strong>Windows Hello</strong> giúp bạn dễ dàng mở khóa và bảo mật chỉ với một chạm là đủ</p>\r\n', '<p>Giảm ngay 1.5 triệu (đã trừ vào giá)</p>\r\n\r\n<p>Cơ hội trúng 450 suất học bổng trị giá 4.5 tỷ đồng (áp dụng từ 01/08 - 31/10) </p>\r\n\r\n<p>Giảm ngay 10% tại 26 Trung tâm Laptop Khai Trương (từ 06/09 - 12/09, áp dụng kèm đổi điểm thi - không kèm khuyến mãi khác) </p>\r\n\r\n<p>Mua kèm Office 365 Personal ưu đãi giảm 600.000đ</p>\r\n\r\n<p>Tặng suất mua Đồng hồ thời trang, mắt kính giảm ngay 40% (HSD: 7 ngày từ ngày mua hàng, không áp dụng KM khác). </p>\r\n', 'asus-vivobook-x509f-i7-8565u-8gb-mx230-win10-ej13-5-2-1-2-1-600x600.jpg', '7.PNG', '8.PNG', '9.PNG', '10.PNG', '11.PNG', '12.PNG', '09/09/2019', '01/11/2019', 5, 1, 'Còn hàng', ''),
(75, 'HP Pavilion 14 ce1011TU i3', 12990000, 0, '<h2>Laptop HP Pavilion 14 ce1011TU (5JN17PA)&nbsp;với thiết kế trang nh&atilde;, mỏng nhẹ thuận tiện cho việc di chuyển. C&ugrave;ng với đ&oacute; l&agrave; một cấu h&igrave;nh đ&aacute;p ứng mượt m&agrave; c&aacute;c ứng dụng văn ph&ograve;ng cũng như xử l&yacute; kh&aacute; tốt c&aacute;c ứng dụng đồ họa cơ bản, th&igrave; đ&acirc;y chắc hẳn sẽ l&agrave; một sự lựa chọn đ&aacute;ng để c&acirc;n nhắc d&agrave;nh cho c&aacute;c bạn sinh vi&ecirc;n v&agrave; nh&acirc;n vi&ecirc;n văn ph&ograve;ng trong ph&acirc;n kh&uacute;c.</h2>\r\n\r\n<h3>Thiết kế thanh lịch, trang nh&atilde;</h3>\r\n\r\n<p><strong>Laptop HP Pavilion 14 ce1011TU (5JN17PA)</strong>&nbsp;được gia c&ocirc;ng tỉ mỉ, ho&agrave;n thiện từ chất liệu nhựa với 4 cạnh được bo cong nhẹ mang đến cho sản phẩm một vẻ đẹp tinh tế v&agrave; trang nh&atilde;. B&ecirc;n cạnh đ&oacute;, đ&acirc;y l&agrave; mẫu<a href=\"https://www.thegioididong.com/laptop?g=mong-nhe-thoi-trang\" target=\"_blank\">&nbsp;laptop nhỏ gọn</a>&nbsp;với trọng lượng nhẹ chỉ 1.53 kg,&nbsp;cực k&igrave; thoải m&aacute;i v&agrave; thuận tiện khi di chuyển đến trường học hoặc c&ocirc;ng ty c&ugrave;ng với chiếc&nbsp;<a href=\"https://www.thegioididong.com/laptop-hp-compaq\" target=\"_blank\">laptop HP</a>.</p>\r\n\r\n<p><a href=\"https://www.thegioididong.com/images/44/197626/hp-pavilion-14-ce1011tu-i3-8145u-4gb-1tb-win10-5j-33397-content-thietketgdd.jpg\"><img alt=\"Thiết kế hiện đại trên laptop nhỏ gọn HP Pavilion 14 ce1011TU i3 (5JN17PA)\" src=\"https://cdn.tgdd.vn/Products/Images/44/197626/hp-pavilion-14-ce1011tu-i3-8145u-4gb-1tb-win10-5j-33397-content-thietketgdd.jpg\" style=\"border-style:initial; border-width:0px; height:auto; margin:10px auto\" /></a></p>\r\n\r\n<h3>H&igrave;nh ảnh hiển thị sắc n&eacute;t</h3>\r\n\r\n<p>Sản phẩm được trang bị m&agrave;n h&igrave;nh&nbsp;<strong>14 inch Full HD</strong>&nbsp;(1920 x 1080) kết hợp c&ugrave;ng c&ocirc;ng nghệ&nbsp;<strong>LED Backlit</strong>&nbsp;gi&uacute;p cho h&igrave;nh ảnh hiển thị sắc n&eacute;t, ch&acirc;n thật đến từng chi tiết. C&ugrave;ng với đ&oacute;,&nbsp;<a href=\"https://www.thegioididong.com/laptop\" target=\"_blank\">Laptop</a>&nbsp;HP Pavilion 14 ce1011TU (5JN17PA) sở hữu thiết kế viền m&agrave;n h&igrave;nh mỏng gi&uacute;p tăng diện t&iacute;ch hiển thị, mang lại trải nghiệm tốt nhất cho người d&ugrave;ng.</p>\r\n\r\n<p><a href=\"https://www.thegioididong.com/images/44/197626/hp-pavilion-14-ce1011tu-i3-8145u-4gb-1tb-win10-5j-33397-content-manhinhtgdd.jpg\"><img alt=\"Màn hình sắc nét trên laptop nhỏ gọn HP Pavilion 14 ce1011TU i3 (5JN17PA)\" src=\"https://cdn.tgdd.vn/Products/Images/44/197626/hp-pavilion-14-ce1011tu-i3-8145u-4gb-1tb-win10-5j-33397-content-manhinhtgdd.jpg\" style=\"border-style:initial; border-width:0px; height:auto; margin:10px auto\" /></a></p>\r\n\r\n<h3>Cấu h&igrave;nh xử l&yacute; tốt đồ họa cơ bản</h3>\r\n\r\n<p><a href=\"https://www.thegioididong.com/laptop?g=hoc-tap-van-phong\" target=\"_blank\">Laptop văn ph&ograve;ng</a>&nbsp;HP Pavilion 14 ce1011TU (5JN17PA) được trang bị vi xử l&yacute;&nbsp;<strong>Intel core i3 thế hệ thứ 8&nbsp;</strong>mạnh mẽ kết hợp c&ugrave;ng&nbsp;<strong>4GB Ram DDR4</strong>&nbsp;gi&uacute;p chạy mượt m&agrave; c&aacute;c ứng dụng văn ph&ograve;ng cũng như xử l&yacute; tốt c&aacute;c thao t&aacute;c k&eacute;o thả trong photoshop, AI,...</p>\r\n\r\n<p><a href=\"https://www.thegioididong.com/images/44/197626/hp-pavilion-14-ce1011tu-i3-8145u-4gb-1tb-win10-5j-33397-content-cauhinhtgdd.jpg\"><img alt=\"Hiệu năng ổ định trên laptop nhỏ gọn HP Pavilion 14 ce1011TU i3 (5JN17PA)\" src=\"https://cdn.tgdd.vn/Products/Images/44/197626/hp-pavilion-14-ce1011tu-i3-8145u-4gb-1tb-win10-5j-33397-content-cauhinhtgdd.jpg\" style=\"border-style:initial; border-width:0px; height:auto; margin:10px auto\" /></a></p>\r\n\r\n<h3>Thoải m&aacute;i lưu trữ c&ugrave;ng dung lượng bộ nhớ lớn</h3>\r\n\r\n<p>Với dung lượng bộ nhớ trong&nbsp;<strong>l&ecirc;n đến 1TB</strong>&nbsp;gi&uacute;p cho người d&ugrave;ng c&oacute; thể lưu trữ những t&agrave;i liệu quan trọng, những b&agrave;i nhạc, những bộ phim hay những tựa game y&ecirc;u th&iacute;ch một c&aacute;ch thoải m&aacute;i v&agrave; tiện lợi nhất.</p>\r\n\r\n<p><a href=\"https://www.thegioididong.com/images/44/197626/hp-pavilion-14-ce1011tu-i3-8145u-4gb-1tb-win10-5j-33397-content-hdd.jpg\"><img alt=\"Ổ cứng HDD lưu trữ nhiều dữ liệu trên laptop nhỏ gọn HP Pavilion 14 ce1011TU i3 (5JN17PA)\" src=\"https://cdn.tgdd.vn/Products/Images/44/197626/hp-pavilion-14-ce1011tu-i3-8145u-4gb-1tb-win10-5j-33397-content-hdd.jpg\" style=\"border-style:initial; border-width:0px; height:auto; margin:10px auto\" /></a></p>\r\n\r\n<h3>&Acirc;m thanh to, r&otilde;, ch&acirc;n thật</h3>\r\n\r\n<p>Sản phẩm được trang bị loa k&eacute;p (2 k&ecirc;nh) gi&uacute;p cho &acirc;m thanh được to, r&otilde; hơn, mang lại trải nghiệm khi nghe nhạc, xem phim tốt hơn cho người d&ugrave;ng.</p>\r\n\r\n', '<p><strong>KHUYẾN M&Atilde;I</strong></p>\r\n\r\n<ul>\r\n	<li><img src=\"https://cdn.tgdd.vn/Products/Images/86/73125/chuot-khong-day-genius-nx-7010-ava-1-200x200.jpg\" style=\"float:left; margin:0px 10px 0px 15px; width:50px\" />\r\n	<h3>&nbsp;</h3>\r\n	</li>\r\n	<li>\r\n	<h3>Chuột kh&ocirc;ng d&acirc;y&nbsp;*</h3>\r\n	</li>\r\n	<li><img src=\"https://cdn.tgdd.vn/Products/Images/2102/86101/balo-laptop-hp-km-khuyen-mai-200x200.jpg\" style=\"float:left; margin:0px 10px 0px 15px; width:50px\" />\r\n	<h3>&nbsp;</h3>\r\n\r\n	<h3>Balo Laptop HP-Compaq</h3>\r\n	</li>\r\n</ul>\r\n\r\n<p>Cơ hội tr&uacute;ng 450 suất học bổng trị gi&aacute; 4.5 tỷ đồng (&aacute;p dụng từ 01/08 - 31/10)&nbsp;</p>\r\n\r\n<p>Giảm ngay 10% tại 26 Trung t&acirc;m Laptop Khai Trương (từ 06/09 - 12/09, &aacute;p dụng k&egrave;m đổi điểm thi - kh&ocirc;ng k&egrave;m khuyến m&atilde;i kh&aacute;c)&nbsp;</p>\r\n\r\n<p>Mua k&egrave;m Office 365 Personal ưu đ&atilde;i giảm 600.000đ</p>\r\n\r\n<p>Mua Loa k&eacute;o với gi&aacute; giảm 15% (Loa mua k&egrave;m kh&ocirc;ng &aac', 'hp-pavilion-14-ce1011tu-i3-8145u-4gb-1tb-win10-5j-1-600x600.jpg', '31.PNG', '32.PNG', '33.PNG', '34.PNG', '35.PNG', '36.PNG', '09/09/2019', '0', 4, 7, 'Còn hàng', ''),
(77, 'Lenovo Ideapad 530s 14IKB i5', 18990000, 17890000, '<h3>Si&ecirc;u mỏng, si&ecirc;u nhẹ</h3>\r\n\r\n<p>Laptop Lenovo&nbsp;Ideapad 530s (81EU00T0VN) được l&agrave;m từ kim loại nguy&ecirc;n khối, c&oacute; thiết kế đơn giản m&agrave; cứng c&aacute;p, tinh tế. Trọng lượng chỉ&nbsp;<strong>1.49 kg,</strong>&nbsp;độ d&agrave;y&nbsp;<strong>16.4 mm</strong>&nbsp;si&ecirc;u mỏng nhẹ, cực k&igrave; tiện lợi cho những ai cần di chuyển nhiều.</p>\r\n\r\n<p><a href=\"https://www.thegioididong.com/images/44/202560/lenovo-ip-530s-81eu00t0vn-tk1.jpg\"><img alt=\"Laptop Lenovo Ideapad 530s (81EU00T0VN) thiết kế siêu mỏng, siêu nhẹ\" src=\"https://cdn.tgdd.vn/Products/Images/44/202560/lenovo-ip-530s-81eu00t0vn-tk1.jpg\" style=\"border-style:initial; border-width:0px; height:auto; margin:10px auto\" /></a></p>\r\n\r\n<h3>Cấu h&igrave;nh mạnh mẽ, chạy được c&aacute;c ứng dụng nặng</h3>\r\n\r\n<p><a href=\"https://www.thegioididong.com/laptop-lenovo-ideapad\" target=\"_blank\">Lenovo IdeaPad</a>&nbsp;trang bị một cấu h&igrave;nh mạnh với&nbsp;<strong>Chip Intel Core i5</strong>&nbsp;chạy tốt c&aacute;c ứng dụng văn ph&ograve;ng hiện h&agrave;nh kết hợp c&ugrave;ng<strong>&nbsp;RAM 8 GB</strong>&nbsp;đa nhiệm mượt m&agrave;, chạy tốt c&aacute;c ứng dụng đồ họa như Photoshop, AI,...</p>\r\n\r\n<p>B&ecirc;n cạnh đ&oacute;, bạn c&oacute; thể chơi game nhẹ với&nbsp;<a href=\"https://www.thegioididong.com/tin-tuc/cung-tim-hieu-ve-card-do-hoa-roi-do-hoa-tich-hop-cho-laptop-1103220\" target=\"_blank\">card đồ họa rời</a>&nbsp;<strong>NVIDIA Geforce MX130, 2GB.</strong></p>\r\n\r\n<p><a href=\"https://www.thegioididong.com/images/44/202560/lenovo-ip-530s-81eu00t0vn-ch.jpg\"><img alt=\"Laptop Lenovo Ideapad 530s (81EU00T0VN) Cấu hình mạnh mẽ, chạy được các ứng dụng nặng\" src=\"https://cdn.tgdd.vn/Products/Images/44/202560/lenovo-ip-530s-81eu00t0vn-ch.jpg\" style=\"border-style:initial; border-width:0px; height:auto; margin:10px auto\" /></a></p>\r\n\r\n<h3>Khởi động m&aacute;y v&agrave; phần mềm trong t&iacute;ch tắc</h3>\r\n\r\n<p>Với&nbsp;<a href=\"https://www.thegioididong.com/laptop?f=o-cung-ssd\" target=\"_blank\">ổ cứng SSD</a>, mọi t&aacute;c vụ đều được giải quyết cực nhanh, tốc độ mở m&aacute;y chỉ từ 10-15 gi&acirc;y. B&ecirc;n cạnh đ&oacute;, dung lượng bộ nhớ&nbsp;<strong>256 GB</strong>&nbsp;đủ d&ugrave;ng để lưu trữ c&aacute;c dữ liệu quan trọng cho bạn.</p>\r\n\r\n<p><a href=\"https://www.thegioididong.com/images/44/202560/lenovo-ip-530s-81eu00t0vn-ssd.jpg\"><img alt=\"Laptop Lenovo Ideapad 530s (81EU00T0VN) trang bị ssd khởi động máy và phần mềm trong tích tắc\" src=\"https://cdn.tgdd.vn/Products/Images/44/202560/lenovo-ip-530s-81eu00t0vn-ssd.jpg\" style=\"border-style:initial; border-width:0px; height:auto; margin:10px auto\" /></a></p>\r\n\r\n<h3>Trải nghiệm h&igrave;nh ảnh sắc n&eacute;t v&agrave; ch&igrave;m đắm</h3>\r\n\r\n<p><a href=\"https://www.thegioididong.com/laptop?g=hoc-tap-van-phong\" target=\"_blank\">Laptop văn ph&ograve;ng</a>&nbsp;Lenovo IdeaPad sở hữu<a href=\"https://www.thegioididong.com/laptop?g=khoang-14\" target=\"_blank\">&nbsp;m&agrave;n h&igrave;nh 14 inch</a><strong>&nbsp;Full HD</strong>&nbsp;c&oacute; trang bị&nbsp;tấm nền<strong>&nbsp;IPS&nbsp;</strong>đem lại h&igrave;nh ảnh sắc n&eacute;t, m&agrave;u sắc ch&acirc;n thực, g&oacute;c nh&igrave;n si&ecirc;u rộng l&ecirc;n đến 178 độ, đảm bảo h&igrave;nh ảnh r&otilde;, tương phản m&agrave;u sắc tốt ngay cả từ những g&oacute;c nh&igrave;n hẹp.</p>\r\n\r\n<p>Thiết kế viền m&agrave;n h&igrave;nh si&ecirc;u mỏng gi&uacute;p cho m&agrave;n h&igrave;nh rộng hơn nhưng tổng thể laptop vẫn nhỏ gọn, cho bạn trải nghiệm h&igrave;nh ảnh ch&igrave;m đắm.</p>\r\n\r\n<p><a href=\"https://www.thegioididong.com/images/44/202560/lenovo-ip-530s-81eu00t0vn-mh.jpg\"><img alt=\"Laptop Lenovo Ideapad 530s (81EU00T0VN) trải nghiệm hình ảnh sắc nét và chìm đắm\" src=\"https://cdn.tgdd.vn/Products/Images/44/202560/lenovo-ip-530s-81eu00t0vn-mh.jpg\" style=\"border-style:initial; border-width:0px; height:auto; margin:10px auto\" /></a></p>\r\n\r\n<h3>&Acirc;m thanh ch&acirc;n thật v&agrave; hấp dẫn hơn</h3>\r\n\r\n<p>C&ocirc;ng nghệ &acirc;m thanh&nbsp;<strong>Harman Kardon</strong>&nbsp;sẽ n&acirc;ng cao chất lượng &acirc;m thanh, phục vụ cho c&aacute;c t&iacute;n đồ &acirc;m nhạc, đem đến &acirc;m thanh ch&acirc;n thật v&agrave; sống động hơn bao giờ hết.</p>\r\n\r\n<p><a href=\"https://www.thegioididong.com/images/44/202560/lenovo-ip-530s-81eu00t0vn-audio.jpg\"><img alt=\"Laptop Lenovo Ideapad 530s (81EU00T0VN) có âm thanh chân thật và hấp dẫn hơn\" src=\"https://cdn.tgdd.vn/Products/Images/44/202560/lenovo-ip-530s-81eu00t0vn-audio.jpg\" style=\"border-style:initial; border-width:0px; height:auto; margin:10px auto\" /></a></p>\r\n\r\n<h3>Mở m&aacute;y nhanh bằng cảm biến v&acirc;n tay</h3>\r\n\r\n<p>Lu&ocirc;n sẵn s&agrave;ng trong mọi t&igrave;nh huống với cảm biến v&acirc;n tay một chạm gi&uacute;p bảo mật tối ưu hơn v&agrave; tiết kiệm thời gian</p>\r\n', '<p>Giảm ngay 1 triệu (đ&atilde; trừ v&agrave;o gi&aacute;)&nbsp;*</p>\r\n\r\n<p>Cơ hội tr&uacute;ng 450 suất học bổng trị gi&aacute; 4.5 tỷ đồng (&aacute;p dụng từ 01/08 - 31/10)&nbsp;</p>\r\n\r\n<p>Giảm ngay 30% tại 26 Trung t&acirc;m Laptop Khai Trương (từ 06/09 - 12/09, &aacute;p dụng k&egrave;m đổi điểm thi - kh&ocirc;ng k&egrave;m khuyến m&atilde;i kh&aacute;c)&nbsp;</p>\r\n\r\n<p>Mua k&egrave;m Office 365 Personal ưu đ&atilde;i giảm 600.000đ</p>\r\n\r\n<p>Tặng suất mua Đồng hồ thời trang, mắt k&iacute;nh giảm ngay 40% (HSD: 7 ng&agrave;y từ ng&agrave;y mua h&agrave;ng, kh&ocirc;ng &aacute;p dụng KM kh&aacute;c).&nbsp;</p>\r\n\r\n<p>Mua Loa k&eacute;o với gi&aacute; giảm 15% (Loa mua k&egrave;m kh&ocirc;ng &aacute;p dụng khuyến m&atilde;i kh&aacute;c)&nbsp;</p>\r\n', 'lenovo-ip-530s-81eu00t0vn-vt-1-1-600x600.jpg', '37.PNG', '38.PNG', '39.PNG', '40.PNG', '41.PNG', '42.PNG', '09/09/2019', '0', 3, 4, 'Còn hàng', ''),
(78, 'Chuột không dây Zadez M356', 150000, 120000, '<h2><strong>Thiết kế vừa vặn, kiểu d&aacute;ng đẹp mắt</strong></h2>\r\n\r\n<p><a href=\"https://www.thegioididong.com/images/86/69047/chuot-khong-day-zadez-m356--9.jpg\"><img alt=\"Chuột không dây Zadez M356 - Thiết kế vừa vặn, kiểu dáng đẹp mắt\" src=\"https://cdn.tgdd.vn/Products/Images/86/69047/chuot-khong-day-zadez-m356--9.jpg\" style=\"border-style:initial; border-width:0px; height:auto; margin:10px auto\" /></a></p>\r\n\r\n<p>&nbsp;</p>\r\n\r\n<p><a href=\"https://www.thegioididong.com/images/86/69047/chuot-khong-day-zadez-m356-1-3.jpg\"><img alt=\"Thiết kế \" src=\"https://cdn.tgdd.vn/Products/Images/86/69047/chuot-khong-day-zadez-m356-1-3.jpg\" style=\"border-style:initial; border-width:0px; height:auto; margin:10px auto\" /></a></p>\r\n\r\n<p>&nbsp;</p>\r\n\r\n<p><a href=\"https://www.thegioididong.com/images/86/69047/chuot-khong-day-zadez-m356--2.jpg\"><img alt=\"Chuột không dây Zadez M356 - Thiết kế vừa vặn, kiểu dáng đẹp mắt\" src=\"https://cdn.tgdd.vn/Products/Images/86/69047/chuot-khong-day-zadez-m356--2.jpg\" style=\"border-style:initial; border-width:0px; height:auto; margin:10px auto\" /></a></p>\r\n\r\n<p>&nbsp;</p>\r\n\r\n<p><a href=\"https://www.thegioididong.com/images/86/69047/chuot-khong-day-zadez-m356--3.jpg\"><img alt=\"Chuột không dây Zadez M356 - Thiết kế vừa vặn, kiểu dáng đẹp mắt\" src=\"https://cdn.tgdd.vn/Products/Images/86/69047/chuot-khong-day-zadez-m356--3.jpg\" style=\"border-style:initial; border-width:0px; height:auto; margin:10px auto\" /></a></p>\r\n\r\n<p>&nbsp;</p>\r\n\r\n<p><a href=\"https://www.thegioididong.com/images/86/69047/chuot-khong-day-zadez-m356--8.jpg\"><img alt=\"Chuột không dây Zadez M356 - Thiết kế vừa vặn, kiểu dáng đẹp mắt\" src=\"https://cdn.tgdd.vn/Products/Images/86/69047/chuot-khong-day-zadez-m356--8.jpg\" style=\"border-style:initial; border-width:0px; height:auto; margin:10px auto\" /></a></p>\r\n\r\n<p>&nbsp;</p>\r\n\r\n<p><a href=\"https://www.thegioididong.com/images/86/69047/chuot-khong-day-zadez-m356--4.jpg\"><img alt=\"Chuột không dây Zadez M356 - Thiết kế vừa vặn, kiểu dáng đẹp mắt\" src=\"https://cdn.tgdd.vn/Products/Images/86/69047/chuot-khong-day-zadez-m356--4.jpg\" style=\"border-style:initial; border-width:0px; height:auto; margin:10px auto\" /></a></p>\r\n\r\n<p>&nbsp;</p>\r\n\r\n<h3><strong>1000 DPI gi&uacute;p&nbsp;<a href=\"https://www.thegioididong.com/chuot-may-tinh\" target=\"_blank\">chuột</a>&nbsp;di chuyển mượt m&agrave;, độ ch&iacute;nh x&aacute;c cao</strong></h3>\r\n\r\n<p><a href=\"https://www.thegioididong.com/images/86/69047/chuot-khong-day-zadez-m356--6.jpg\"><img alt=\"Chuột không dây Zadez M356 - 1000 DPI giúp chuột di chuyển mượt mà\" src=\"https://cdn.tgdd.vn/Products/Images/86/69047/chuot-khong-day-zadez-m356--6.jpg\" style=\"border-style:initial; border-width:0px; height:auto; margin:10px auto\" /></a></p>\r\n\r\n<p>&nbsp;</p>\r\n\r\n<h3><strong>Kết nối với&nbsp;<a href=\"https://www.thegioididong.com/laptop\" target=\"_blank\">m&aacute;y t&iacute;nh</a>&nbsp;hoặc tivi th&ocirc;ng qua cổng gắn USB</strong></h3>\r\n\r\n<p>*&nbsp;Bạn cũng c&oacute; thể d&ugrave;ng d&acirc;y OTG để kết nối v&agrave;o&nbsp;<a href=\"https://www.thegioididong.com/dtdd\" target=\"_blank\">điện thoại</a>,&nbsp;<a href=\"https://www.thegioididong.com/may-tinh-bang\" target=\"_blank\">m&aacute;y t&iacute;nh bảng</a>&nbsp;để sử dụng với chuột.</p>\r\n\r\n<p><a href=\"https://www.thegioididong.com/tin-tuc/ban-co-biet-gi-ve-usb-otg-chua-519811\" target=\"_blank\">Bạn c&oacute; thể t&igrave;m hiểu về d&acirc;y OTG tại đ&acirc;y</a>.</p>\r\n\r\n<p><a href=\"https://www.thegioididong.com/images/86/69047/chuot-khong-day-zadez-m356--5.jpg\"><img alt=\"Chuột không dây Zadez M356 - Kết nối với máy tính hoặc tivi thông qua cổng gắn USB\" src=\"https://cdn.tgdd.vn/Products/Images/86/69047/chuot-khong-day-zadez-m356--5.jpg\" style=\"border-style:initial; border-width:0px; height:auto; margin:10px auto\" /></a></p>\r\n', '<ul>\r\n	<li>C&oacute; 2 m&agrave;u sắc trắng v&agrave; đen để bạn lựa chọn theo &yacute; th&iacute;ch.</li>\r\n	<li>Thời gian sử dụng pin hơn 2 th&aacute;ng.</li>\r\n	<li>Độ ph&acirc;n giải quang học 1000 dpi gi&uacute;p chuột hoạt động nhanh nhạy.</li>\r\n	<li>Sử dụng được cho hệ điều h&agrave;nh Windows v&agrave; MacOS.</li>\r\n</ul>\r\n\r\n<p>Kiểm tra c&oacute; h&agrave;ng tại nơi bạn ở kh&ocirc;ng?<br />\r\n(Mua gi&aacute; thường)</p>\r\n\r\n<ul>\r\n	<li>Bảo h&agrave;nh 1 năm 1 đổi 1.&nbsp;</li>\r\n	<li>Ph&iacute; giao h&agrave;ng&nbsp;<strong>10.000đ</strong>&nbsp;(&Aacute;p dụng đơn h&agrave;ng dưới&nbsp;200.000đ)</li>\r\n</ul>\r\n', 'chuot-khong-day-zadez-m356-ava-600x600.jpg', '43.PNG', '44.PNG', '45.PNG', '46.PNG', '47.PNG', '44.PNG', '09/09/2019', '0', 0, 10, 'Còn hàng', '');
INSERT INTO `products` (`ID`, `ProductName`, `UnitPrice`, `UnitSale`, `Discription`, `Information`, `avatar`, `gallery_1`, `gallery_2`, `gallery_3`, `gallery_4`, `gallery_5`, `gallery_6`, `DatePost`, `Dateupdate`, `BrandID`, `CategoryID`, `Status`, `Waranty`) VALUES
(79, 'Loa Bluetooth iCutes MB-M818 Cún', 300000, 0, '<h3><strong><a href=\"https://www.thegioididong.com/loa-laptop?g=loa-bluetooth#f\" target=\"_blank\">Loa Bluetooth</a>&nbsp;iCutes MB-M818 c&oacute; kiểu d&aacute;ng rất dễ thương</strong></h3>\r\n\r\n<p>K&iacute;ch thước loa kh&ocirc;ng qu&aacute; lớn, kh&ocirc;ng chiếm nhiều diện t&iacute;ch để v&agrave;o balo hay t&uacute;i x&aacute;ch.</p>\r\n\r\n<p><a href=\"https://www.thegioididong.com/images/382/146461/loa-bluetooth-icutes-mb-m818-cun-11.jpg\"><img alt=\"Loa Bluetooth iCutes MB-M818 Cún\" src=\"https://cdn.tgdd.vn/Products/Images/382/146461/loa-bluetooth-icutes-mb-m818-cun-11.jpg\" style=\"border-style:initial; border-width:0px; height:auto; margin:10px auto\" /></a></p>\r\n\r\n<p><a href=\"https://www.thegioididong.com/images/382/146461/loa-bluetooth-icutes-mb-m818-cun-12.jpg\"><img alt=\"Loa Bluetooth iCutes MB-M818 Cún\" src=\"https://cdn.tgdd.vn/Products/Images/382/146461/loa-bluetooth-icutes-mb-m818-cun-12.jpg\" style=\"border-style:initial; border-width:0px; height:auto; margin:10px auto\" /></a></p>\r\n\r\n<p>Với lớp vỏ bọc cao su rất d&agrave;y ở ngo&agrave;i bạn ho&agrave;n to&agrave;n y&ecirc;n t&acirc;m khi chẳng may loa bị rớt từ độ cao xuống g&acirc;y n&ecirc;n hư hỏng.</p>\r\n\r\n<p><a href=\"https://www.thegioididong.com/images/382/146461/loa-bluetooth-icutes-mb-m818-cun-19.jpg\"><img alt=\"Loa Bluetooth iCutes MB-M818 Cún\" src=\"https://cdn.tgdd.vn/Products/Images/382/146461/loa-bluetooth-icutes-mb-m818-cun-19.jpg\" style=\"border-style:initial; border-width:0px; height:auto; margin:10px auto\" /></a></p>\r\n\r\n<h3><strong>&Acirc;m thanh ph&aacute;t ra to v&agrave; &iacute;t bị vỡ tiếng khi &acirc;m lớn hết cỡ</strong></h3>\r\n\r\n<p><a href=\"https://www.thegioididong.com/images/382/146461/loa-bluetooth-icutes-mb-m818-cun-13.jpg\"><img alt=\"Loa Bluetooth iCutes MB-M818 Cún - Âm thanh phát ra to và ít bị vỡ tiếng\" src=\"https://cdn.tgdd.vn/Products/Images/382/146461/loa-bluetooth-icutes-mb-m818-cun-13.jpg\" style=\"border-style:initial; border-width:0px; height:auto; margin:10px auto\" /></a></p>\r\n\r\n<p>&Acirc;m thanh ph&aacute;t ra to v&agrave; đều, cho chất &acirc;m kh&aacute;</p>\r\n\r\n<p><a href=\"https://www.thegioididong.com/images/382/146461/loa-bluetooth-icutes-mb-m818-cun-music.jpg\"><img alt=\"Loa Bluetooth iCutes MB-M818 Cún - Bề mặt phát nhạc\" src=\"https://cdn.tgdd.vn/Products/Images/382/146461/loa-bluetooth-icutes-mb-m818-cun-music.jpg\" style=\"border-style:initial; border-width:0px; height:auto; margin:10px auto\" /></a></p>\r\n\r\n<h3><strong>C&aacute;ch kết nối bằng bluetooth dễ d&agrave;ng thực hiện</strong></h3>\r\n\r\n<p>Tương th&iacute;ch với mọi thiết bị ph&aacute;t/nhận bluetooth như&nbsp;<a href=\"https://www.thegioididong.com/dtdd\" target=\"_blank\">điện thoại</a>,&nbsp;<a href=\"https://www.thegioididong.com/may-tinh-bang\" target=\"_blank\">m&aacute;y t&iacute;nh bảng</a>,&nbsp;<a href=\"https://www.thegioididong.com/laptop\" target=\"_blank\">laptop</a>...</p>\r\n\r\n<p><a href=\"https://www.thegioididong.com/images/382/146461/loa-bluetooth-icutes-mb-m818-cun-15.jpg\"><img alt=\"Loa Bluetooth iCutes MB-M818 Cún - Cách kết nối bằng bluetooth dễ dàng thực hiện\" src=\"https://cdn.tgdd.vn/Products/Images/382/146461/loa-bluetooth-icutes-mb-m818-cun-15.jpg\" style=\"border-style:initial; border-width:0px; height:auto; margin:10px auto\" /></a></p>\r\n\r\n<p><a href=\"https://www.thegioididong.com/images/382/146461/loa-bluetooth-icutes-mb-m818-cun-17.jpg\"><img alt=\"Loa Bluetooth iCutes MB-M818 Cún - Cách kết nối bằng bluetooth dễ dàng thực hiện\" src=\"https://cdn.tgdd.vn/Products/Images/382/146461/loa-bluetooth-icutes-mb-m818-cun-17.jpg\" style=\"border-style:initial; border-width:0px; height:auto; margin:10px auto\" /></a></p>\r\n\r\n<p><a href=\"https://www.thegioididong.com/images/382/146461/loa-bluetooth-icutes-mb-m818-cun-18.jpg\"><img alt=\"Loa Bluetooth iCutes MB-M818 Cún - Cách kết nối bằng bluetooth dễ dàng thực hiện\" src=\"https://cdn.tgdd.vn/Products/Images/382/146461/loa-bluetooth-icutes-mb-m818-cun-18.jpg\" style=\"border-style:initial; border-width:0px; height:auto; margin:10px auto\" /></a></p>\r\n\r\n<h3><strong>C&aacute;ch sử dụng</strong></h3>\r\n\r\n<p><strong>Kết nối loa với thiết bị c&oacute; Bluetooth như&nbsp;điện thoại,&nbsp;m&aacute;y t&iacute;nh bảng.</strong></p>\r\n\r\n<p>- Nhấn giữ n&uacute;t tr&ograve;n dưới mặt loa để bật nguồn, đ&egrave;n sẽ chớp xanh.</p>\r\n\r\n<p>-&nbsp;V&agrave;o điện thoại v&agrave; mở bluetooth, d&ograve; t&igrave;m t&ecirc;n&nbsp;<strong>iCutes SPK</strong>&nbsp;v&agrave; nhấn để kết nối.</p>\r\n\r\n<p>- Loa&nbsp;sẽ tự động kết nối ở những lần sau.</p>\r\n\r\n<p><strong>Để nhận cuộc gọi đến</strong></p>\r\n\r\n<p>- Khi loa đang kết nối với điện thoại v&agrave; c&oacute; cuộc gọi đến, bạn nhấn n&uacute;t tr&ograve;n để nhận cuộc gọi.</p>\r\n\r\n<p>- Để kết th&uacute;c nhấn th&ecirc;m 1 lần nữa.</p>\r\n\r\n<p>- Để gọi lại, nhấn 2 lần.</p>\r\n\r\n<p><strong>Bạn cũng c&oacute; thể nhấn n&uacute;t tr&ograve;n để Dừng nhạc l&uacute;c đang ph&aacute;t</strong></p>\r\n', '<ul>\r\n	<li>Thiết kế đẹp mắt, m&agrave;u sắc tươi s&aacute;ng.</li>\r\n	<li>Thời gian hoạt động l&ecirc;n đến: 6 giờ (100% pin).</li>\r\n	<li>Sau 5 ph&uacute;t kh&ocirc;ng sử dụng, loa tự động tắt.</li>\r\n	<li>Dung lượng pin 400mAh 3.7V. Thời gian sạc khoảng 2 giờ.</li>\r\n</ul>\r\n', 'loa-bluetooth-icutes-mb-m818-cun-avatar-2-600x600.jpg', '48.PNG', '49.PNG', '50.PNG', '51.PNG', '52.PNG', '49.PNG', '09/09/2019', '0', 0, 11, 'Còn hàng', ''),
(80, 'Apple Macbook Air 2017 i5', 22990000, 0, '<h2>MacBook Air 2017 i5 128GB&nbsp;l&agrave; mẫu&nbsp;laptop văn ph&ograve;ng, c&oacute; thiết kế si&ecirc;u mỏng v&agrave; nhẹ, vỏ nh&ocirc;m nguy&ecirc;n khối sang trọng. M&aacute;y c&oacute; hiệu năng ổn định, thời lượng pin cực l&acirc;u 12 giờ, ph&ugrave; hợp cho hầu hết c&aacute;c nhu cầu l&agrave;m việc v&agrave; giải tr&iacute;.&nbsp;</h2>\r\n\r\n<h3>Thiết kế si&ecirc;u mỏng v&agrave; nhẹ&nbsp;</h3>\r\n\r\n<p>Macbook Air 2017 mang những đặc trưng thiết kế của d&ograve;ng&nbsp;MacBook Air&nbsp;với trọng lượng v&agrave; độ d&agrave;y của&nbsp;laptop&nbsp;lần lượt l&agrave;&nbsp;<strong>1.7 cm</strong>&nbsp;v&agrave;&nbsp;<strong>1.35 kg</strong>&nbsp;rất tiện lợi v&agrave; dễ d&agrave;ng gi&uacute;p người d&ugrave;ng kh&ocirc;ng cảm thấy bất tiện khi mang tr&ecirc;n vai thường xuy&ecirc;n khi đi học hay đi l&agrave;m.&nbsp;</p>\r\n\r\n<p>Đ&acirc;y cũng l&agrave; chiếc&nbsp;MacBook ch&iacute;nh h&atilde;ng&nbsp;c&oacute; gi&aacute; rẻ nhất hiện tại, ph&ugrave; hợp với mọi người ti&ecirc;u d&ugrave;ng.&nbsp;</p>\r\n\r\n<p><a href=\"https://www.thegioididong.com/images/44/106875/apple-macbook-air-mqd32sa-a-i5-5350u-4.jpg\"><img alt=\"Hình mô tả thiết kế Laptop MacBook Air 2017 i5 128GB\" src=\"https://cdn.tgdd.vn/Products/Images/44/106875/apple-macbook-air-mqd32sa-a-i5-5350u-4.jpg\" style=\"border-style:initial; border-width:0px; height:auto; margin:10px auto\" /></a></p>\r\n\r\n<h3>Hiệu năng mượt m&agrave;</h3>\r\n\r\n<p>Macbook Air MQD32SA/A i5 5350U c&oacute; bộ xử l&yacute; Intel&nbsp;<strong>Core i5</strong>&nbsp;Broadwell hai nh&acirc;n xung nhịp 1.8 GHz, bộ nhớ&nbsp;<strong>RAM 8 GB</strong>&nbsp;thoải m&aacute;i trong việc duyệt web, chơi game, sử dụng mượt m&agrave; cac thao t&aacute;c trong phần mềm Photoshop, AI&hellip;</p>\r\n\r\n<p><a href=\"https://www.thegioididong.com/images/44/106875/apple-macbook-air-mqd32sa-a-i5-5350u-1-1.jpg\"><img alt=\"Hiệu năng mượt mà của laptop Macbook Air MQD32SA/A i5 5350U\" src=\"https://cdn.tgdd.vn/Products/Images/44/106875/apple-macbook-air-mqd32sa-a-i5-5350u-1-1.jpg\" style=\"border-style:initial; border-width:0px; height:auto; margin:10px auto\" /></a></p>\r\n\r\n<p>Ổ cứng lưu trữ&nbsp;<strong>SSD 128 GB</strong>&nbsp;cho tốc độ cực nhanh, thời gian để bạn khởi động m&aacute;y chỉ khoảng 10-15 gi&acirc;y, dung lượng 128 GB kh&ocirc;ng qu&aacute; dư giả, nhưng vẫn đủ để lưu trữ c&aacute;c t&agrave;i liệu, h&igrave;nh ảnh, ứng dụng thường d&ugrave;ng.</p>\r\n\r\n<h3>Thời lượng pin cực l&acirc;u</h3>\r\n\r\n<p>Macbook Air MQD32SA/A i5 5350U cho thời lượng sử dụng l&ecirc;n đến&nbsp;<strong>12 tiếng</strong>&nbsp;sau một lần sạc đầy khi sử dụng soạn thảo v&agrave; lướt web th&ocirc;ng thường.&nbsp;</p>\r\n\r\n<p>Với c&aacute;c t&aacute;c vụ nặng hơn như Photoshop, lướt web từ 10-20 tab, sử dụng c&aacute;c ứng dụng nhắn tin, gọi video khi l&agrave;m việc th&igrave; chiếc m&aacute;y vẫn trụ được khoảng&nbsp;<strong>5-7 tiếng li&ecirc;n tục</strong>.</p>\r\n\r\n<p><a href=\"https://www.thegioididong.com/images/44/106875/apple-macbook-air-mqd32sa-a-i5-5350u5.jpg\"><img alt=\"Laptop Macbook Air MQD32SA/A i5 5350U\" src=\"https://cdn.tgdd.vn/Products/Images/44/106875/apple-macbook-air-mqd32sa-a-i5-5350u5.jpg\" style=\"border-style:initial; border-width:0px; height:auto; margin:10px auto\" /></a></p>\r\n\r\n<h3>M&agrave;n h&igrave;nh đ&aacute;p ứng nhu cầu sử dụng h&agrave;ng ng&agrave;y</h3>\r\n\r\n<p>Macbook Air MQD32SA/A i5 5350U c&oacute; m&agrave;n h&igrave;nh rộng&nbsp;<strong>13.3 inch</strong>, độ ph&acirc;n giải l&agrave;&nbsp;<strong>1440x900px</strong>.&nbsp;</p>\r\n\r\n<p>Mặc d&ugrave; chưa được n&acirc;ng cấp l&ecirc;n m&agrave;n h&igrave;nh Retina si&ecirc;u n&eacute;t như c&aacute;c d&ograve;ng kh&aacute;c, m&agrave;n h&igrave;nh MacBook Air 2017 vẫn cho ra&nbsp;<strong>m&agrave;u sắc trung thực</strong>, v&agrave; độ&nbsp;<strong>tương phản kh&aacute; tốt</strong>&nbsp;nhờ tấm nền LED Backlit chất lượng cao</p>\r\n', '<p>Phiếu mua h&agrave;ng trị gi&aacute; 1 triệuGiảm ngay 2 triệu tại 26 Trung t&acirc;m Laptop Khai Trương (từ 06/09 - 12/09, &aacute;p dụng k&egrave;m đổi điểm thi - kh&ocirc;ng k&egrave;m khuyến m&atilde;i kh&aacute;c)&nbsp;<a href=\"http://www.thegioididong.com/tin-tuc/tgdd-khai-truong-them-5-shop-laptop-online-may-ngon-uu-dai-khung-1186910\">Xem chi tiết</a></p>\r\n\r\n<p>Mua k&egrave;m Office 365 Personal ưu đ&atilde;i giảm 600.000đ</p>\r\n\r\n<p>Tặng suất mua Đồng hồ thời trang, mắt k&iacute;nh giảm ngay 40% (HSD: 7 ng&agrave;y từ ng&agrave;y mua h&agrave;ng, kh&ocirc;ng &aacute;p dụng KM kh&aacute;c).&nbsp;<a href=\"https://www.thegioididong.com/tin-tuc/dong-ho-duoc-giam-gia-khi-mua-kem-smartphone-table-1166833\" target=\"_blank\">(click xem chi tiết)</a></p>\r\n\r\n<p>Mua Loa k&eacute;o với gi&aacute; giảm 15% (Loa mua k&egrave;m kh&ocirc;ng &aacute;p dụng khuyến m&atilde;i kh&aacute;c)&nbsp;</p>\r\n', 'apple-macbook-air-mqd32sa-a-i5-5350u-600x600.jpg', '53.PNG', '54.PNG', '55.PNG', '56.PNG', '57.PNG', '39.PNG', '09/09/2019', '08/10/2019', 6, 7, 'Còn hàng', ''),
(81, 'Dây cáp Lightning 2 m eValu', 150000, 90000, '<h2><strong>D&acirc;y c&aacute;p Lightning 2 m eValu LTL-04​ c&oacute; m&agrave;u sắc nổi bật, thiết kế quen thuộc, dễ sử dụng hỗ trợ người d&ugrave;ng kết nối giữa thiết bị c&oacute; cổng Lightning với cổng USB.</strong></h2>\r\n\r\n<h3><strong>D&acirc;y c&aacute;p d&agrave;i tiện dụng</strong></h3>\r\n\r\n<p>Với chiều d&agrave;i d&acirc;y 2 m c&oacute; thế tối ưu h&oacute;a khả năng c&ocirc;ng việc bằng c&aacute;ch vừa kết nối với m&aacute;y t&iacute;nh để truyền dữ liệu, vừa sử dụng điện thoại c&ugrave;ng 1 l&uacute;c.</p>\r\n\r\n<p><a href=\"https://www.thegioididong.com/images/58/89730/cap-lightning-2m-evalu-ltl-04-xanh-navi--.jpg\"><img alt=\"Dây cáp Lightning 2 m eValu LTL-04 - Dây cáp dài tiện dụng\" src=\"https://cdn.tgdd.vn/Products/Images/58/89730/cap-lightning-2m-evalu-ltl-04-xanh-navi--.jpg\" style=\"border-style:initial; border-width:0px; height:auto; margin:10px auto\" /></a></p>\r\n\r\n<h3><strong>Kiểu d&aacute;ng đơn giản, dễ sử dụng</strong></h3>\r\n\r\n<p>C&aacute;p d&agrave;nh ri&ecirc;ng cho cổng Lightning, đầu c&aacute;p tương th&iacute;ch với thiết bị Apple từ iPhone 5 trở l&ecirc;n, iPad&hellip; v&agrave; 1 đầu USB gắn v&agrave;o cổng USB của pin sạc,&nbsp;<a href=\"https://www.thegioididong.com/laptop\" target=\"_blank\">laptop</a>&hellip;</p>\r\n\r\n<p><a href=\"https://www.thegioididong.com/images/58/89730/cap-lightning-2m-evalu-ltl-04-xanh-navi-1-1.jpg\"><img alt=\"Dây cáp Lightning 2 m eValu LTL-04 - Kiểu dáng đơn giản, dễ sử dụng\" src=\"https://cdn.tgdd.vn/Products/Images/58/89730/cap-lightning-2m-evalu-ltl-04-xanh-navi-1-1.jpg\" style=\"border-style:initial; border-width:0px; height:auto; margin:10px auto\" /></a></p>\r\n\r\n<p><a href=\"https://www.thegioididong.com/images/58/89730/cap-lightning-2m-evalu-ltl-04-xanh-navi-1-2.jpg\"><img alt=\"Dây cáp Lightning 2 m eValu LTL-04 - Kiểu dáng đơn giản, dễ sử dụng\" src=\"https://cdn.tgdd.vn/Products/Images/58/89730/cap-lightning-2m-evalu-ltl-04-xanh-navi-1-2.jpg\" style=\"border-style:initial; border-width:0px; height:auto; margin:10px auto\" /></a></p>\r\n\r\n<h3><strong>Sạc pin, truyền tải dữ liệu cho thiết bị (<a href=\"https://www.thegioididong.com/dtdd\" target=\"_blank\">điện thoại</a></strong><strong>,&nbsp;</strong><strong><a href=\"https://www.thegioididong.com/may-tinh-bang\" target=\"_blank\">m&aacute;y t&iacute;nh bảng</a></strong><strong>&hellip;)</strong></h3>\r\n\r\n<p>Sản phẩm tiện dụng gi&uacute;p bạn sạc pin cho thiết bị từ nguồn điện hay&nbsp;<a href=\"https://www.thegioididong.com/pin-sac-du-phong\" target=\"_blank\">pin sạc dự ph&ograve;ng</a>, kết nối thiết bị với laptop để truyền tải dữ liệu...</p>\r\n\r\n<p><a href=\"https://www.thegioididong.com/images/58/89730/cap-lightning-2m-evalu-ltl-04-xanh-navi-1-5.jpg\"><img alt=\"Dây cáp Lightning 2 m eValu LTL-04 - Sạc pin cho điện thoại bằng pin sạc dự phòng\" src=\"https://cdn.tgdd.vn/Products/Images/58/89730/cap-lightning-2m-evalu-ltl-04-xanh-navi-1-5.jpg\" style=\"border-style:initial; border-width:0px; height:auto; margin:10px auto\" /></a></p>\r\n\r\n<p><em>Sạc pin cho điện thoại bằng pin sạc dự ph&ograve;ng</em></p>\r\n\r\n<p>&nbsp;</p>\r\n', '<p>​</p>\r\n\r\n<ul>\r\n	<li>D&acirc;y d&agrave;i l&ecirc;n đến 2 m thuận tiện khi sạc v&agrave; d&ugrave;ng m&aacute;y c&aacute;ch xa ổ điện.</li>\r\n	<li>Cổng lightning d&ugrave;ng cho d&ograve;ng iPhone 5, iPad 4 trở l&ecirc;n.</li>\r\n	<li>Chất lượng tương đương với h&agrave;ng ch&iacute;nh h&atilde;ng.</li>\r\n	<li>D&ugrave;ng để ch&eacute;p dữ liệu hay sạc pin (d&ugrave;ng với adapter ri&ecirc;ng).</li>\r\n	<li>Th&acirc;n d&acirc;y được bảo vệ bằng sợi nilon hạn chế đứt g&atilde;y, m&agrave;u xanh đẹp mắt.</li>\r\n</ul>\r\n', 'cap-lightning-2m-evalu-ltl-04-do-1-600x600.jpg', '58.PNG', '59.PNG', '60.PNG', '61.PNG', '62.PNG', '60.PNG', '09/09/2019', '0', 0, 15, 'Còn hàng', ''),
(82, 'Tai nghe chụp tai Kanen IP-2090', 350000, 210000, '<h3>Giới thiệu sản phẩm</h3>\r\n\r\n<p><a href=\"https://www.thegioididong.com/images/54/74185/tai-nghe-chup-tai-kanen-ip-2090-1-1.jpg\"><img alt=\"Tai nghe chụp tai Kanen IP 2090\" src=\"https://cdn.tgdd.vn/Products/Images/54/74185/tai-nghe-chup-tai-kanen-ip-2090-1-1.jpg\" style=\"border-style:initial; border-width:0px; height:auto; margin:10px auto\" /></a></p>\r\n\r\n<p><a href=\"https://www.thegioididong.com/images/54/74185/tai-nghe-chup-tai-kanen-ip-2090-5copy.jpg\"><img alt=\"Tai nghe chụp tai Kanen IP 2090\" src=\"https://cdn.tgdd.vn/Products/Images/54/74185/tai-nghe-chup-tai-kanen-ip-2090-5copy.jpg\" style=\"border-style:initial; border-width:0px; height:auto; margin:10px auto\" /></a></p>\r\n\r\n<p><a href=\"https://www.thegioididong.com/images/54/74185/tai-nghe-chup-tai-kanen-ip-2090-6-2.jpg\"><img alt=\"Tai nghe chụp tai Kanen IP 2090\" src=\"https://cdn.tgdd.vn/Products/Images/54/74185/tai-nghe-chup-tai-kanen-ip-2090-6-2.jpg\" style=\"border-style:initial; border-width:0px; height:auto; margin:10px auto\" /></a></p>\r\n\r\n<p><a href=\"https://www.thegioididong.com/images/54/74185/tai-nghe-chup-tai-kanen-ip-2090-4.jpg\"><img alt=\"Tai nghe chụp tai Kanen IP 2090\" src=\"https://cdn.tgdd.vn/Products/Images/54/74185/tai-nghe-chup-tai-kanen-ip-2090-4.jpg\" style=\"border-style:initial; border-width:0px; height:auto; margin:10px auto\" /></a></p>\r\n\r\n<p> </p>\r\n\r\n<h3><strong>Sử dụng được cho với điện thoại, máy tính bảng, máy nghe nhạc....</strong></h3>\r\n\r\n<p><a href=\"https://www.thegioididong.com/images/54/74185/tai-nghe-chup-tai-kanen-ip-2090-3.jpg\"><img alt=\"Tai nghe chụp tai Kanen IP 2090\" src=\"https://cdn.tgdd.vn/Products/Images/54/74185/tai-nghe-chup-tai-kanen-ip-2090-3.jpg\" style=\"border-style:initial; border-width:0px; height:auto; margin:10px auto\" /></a></p>\r\n\r\n<p> </p>\r\n\r\n<h3><strong>Nút ấn tương tác tốt</strong></h3>\r\n\r\n<p>- Đối với ứng dụng nghe nhạc mặc định, bạn có thể tăng giảm âm lượng, nhận cuộc gọi, ngừng/chơi nhạc, ấn nút tròn 2 lần để chuyển bài.</p>\r\n\r\n<p>- Đối với ứng dụng nghe nhạc online, bạn không thể ấn để chuyển bài.</p>\r\n', '<ul>\r\n	<li>Có thể gấp gọn khi muốn cho vào trong balo.</li>\r\n	<li>Lớp đệm tai êm và dày, giúp đeo tai thoải mái và hạn chế bị rách.</li>\r\n	<li>Có thể kéo dãn tai nghe 3 cm để vừa vặn hơn khi sử dụng.</li>\r\n	<li>Tương thích với hầu hết điện thoại hiện nay.</li>\r\n	<li>Có nút nhận cuộc gọi, phát/dừng chơi nhạc, tăng giảm âm lượng.</li>\r\n	<li>Dây dài lên đến 150 cm thoải mái để vừa dùng máy vừa nghe nhạc.</li>\r\n</ul>\r\n', 'tai-nghe-chup-tai-kanen-ip-2090-2-3-600x600.jpg', '63.PNG', '64.PNG', '65.PNG', '66.PNG', '67.PNG', '64.PNG', '09/09/2019', '29/10/2019', 0, 14, 'Còn hàng', ''),
(83, 'USB Wifi 150 Mbps Totolink', 140000, 0, '<h3>USB Wifi 150 Mbps Totolink N150USM trắng&nbsp;c&oacute; chức năng bắt wifi cho m&aacute;y t&iacute;nh b&agrave;n hoặc&nbsp;laptop</h3>\r\n\r\n<p>Thiết bị mạng&nbsp;với thiết kế cực k&igrave; nhỏ gọn, thuận tiện mang theo đến nhiều nơi v&agrave; sử dụng một c&aacute;ch dễ d&agrave;ng.</p>\r\n\r\n<p><a href=\"https://www.thegioididong.com/images/4727/208811/usb-wifi-150-mbps-totolink-n150usm-trang-1-2.jpg\"><img alt=\"USB Wifi 150 Mbps Totolink N150USM trắng có thiết kế nhỏ gọn\" src=\"https://cdn.tgdd.vn/Products/Images/4727/208811/usb-wifi-150-mbps-totolink-n150usm-trang-1-2.jpg\" style=\"border-style:initial; border-width:0px; height:auto; margin:10px auto\" /></a></p>\r\n\r\n<h3><a href=\"https://www.thegioididong.com/thiet-bi-mang-totolink\" target=\"_blank\">Totolink</a>&nbsp;N150USM c&oacute; tốc độ truyền tải cao l&ecirc;n đến 150Mbps ở băng tần 2.4 GHz thoải m&aacute;i lướt web, xem phim, chơi game,....</h3>\r\n\r\n<p><a href=\"https://www.thegioididong.com/images/4727/208811/usb-wifi-150-mbps-totolink-n150usm-trang-2-2.jpg\"><img alt=\"USB Wifi 150 Mbps Totolink N150USM trắng có tốc độ truyền tải nhanh\" src=\"https://cdn.tgdd.vn/Products/Images/4727/208811/usb-wifi-150-mbps-totolink-n150usm-trang-2-2.jpg\" style=\"border-style:initial; border-width:0px; height:auto; margin:10px auto\" /></a><a href=\"https://www.thegioididong.com/images/4727/208811/usb-wifi-150-mbps-totolink-n150usm-trang-3-1.jpg\"><img alt=\"USB Wifi 150 Mbps Totolink N150USM trắng cho trải nghiệm mượt mà\" src=\"https://cdn.tgdd.vn/Products/Images/4727/208811/usb-wifi-150-mbps-totolink-n150usm-trang-3-1.jpg\" style=\"border-style:initial; border-width:0px; height:auto; margin:10px auto\" /></a></p>\r\n\r\n<h3><a href=\"https://www.thegioididong.com/thiet-bi-mang-usb-wifi\" target=\"_blank\">USB Wifi</a>&nbsp;Totolink tương th&iacute;ch với hệ điều h&agrave;nh Windows, Linux v&agrave; dễ d&agrave;ng sử dụng m&agrave; kh&ocirc;ng cần c&agrave;i đặt</h3>\r\n\r\n<p><a href=\"https://www.thegioididong.com/images/4727/208811/usb-wifi-150-mbps-totolink-n150usm-trang-4-1.jpg\"><img alt=\"USB Wifi 150 Mbps Totolink N150USM trắng tương thích với nhiều hệ điều hành\" src=\"https://cdn.tgdd.vn/Products/Images/4727/208811/usb-wifi-150-mbps-totolink-n150usm-trang-4-1.jpg\" style=\"border-style:initial; border-width:0px; height:auto; margin:10px auto\" /></a></p>\r\n', '<ul>\r\n	<li>USB Wi-Fi N150USM thiết kế si&ecirc;u nhỏ chuẩn N 150Mbps.</li>\r\n	<li>Tương th&iacute;ch với chuẩn kh&ocirc;ng d&acirc;y IEEE 802.11n.</li>\r\n	<li>Cung cấp tốc độ truyền tải l&ecirc;n đến 150Mbps.</li>\r\n	<li>Cho bạn những trải nghiệm cao nhất cho việc lướt Web, xem video HD, gọi điện thoại Internet,&hellip;</li>\r\n	<li>Hỗ trợ mạng Ad-Hoc cho khả năng ph&aacute;t Wifi m&agrave; kh&ocirc;ng cần sử dụng điểm truy cập.</li>\r\n	<li>Tương th&iacute;ch với hầu hết c&aacute;c hệ điều h&agrave;nh th&ocirc;ng dụng hiện nay như Windows 10/8/7/ XP/Vista (32/64-bit) v&agrave; Linux.</li>\r\n</ul>\r\n', 'usb-wifi-150-mbps-totolink-n150usm-trang-1-1-600x600.jpg', '68.PNG', '69.PNG', '70.PNG', '71.PNG', '68.PNG', '71.PNG', '10/09/2019', '0', 0, 13, 'Còn hàng', ''),
(84, 'Chuột Bluetooth Logitech M337', 500000, 0, '<h3><strong>Chu&ocirc;̣t&nbsp;bluetooth Logitech M337 đến từ h&atilde;ng uy t&iacute;n</strong></h3>\r\n\r\n<p><a href=\"https://www.thegioididong.com/images/86/156958/chuo-t-bluetooth-logitech-m337-1.jpg\"><img alt=\"Chuột bluetooth Logitech M337 đến từ hãng uy tín\" src=\"https://cdn.tgdd.vn/Products/Images/86/156958/chuo-t-bluetooth-logitech-m337-1.jpg\" style=\"border-style:initial; border-width:0px; height:auto; margin:10px auto\" /></a></p>\r\n\r\n<p><a href=\"https://www.thegioididong.com/images/86/156958/chuo-t-bluetooth-logitech-m337-6.jpg\"><img alt=\"Chuột bluetooth Logitech M337 đến từ hãng uy tín\" src=\"https://cdn.tgdd.vn/Products/Images/86/156958/chuo-t-bluetooth-logitech-m337-6.jpg\" style=\"border-style:initial; border-width:0px; height:auto; margin:10px auto\" /></a></p>\r\n\r\n<h3><strong>K&iacute;ch thước chuột</strong></h3>\r\n\r\n<p><a href=\"https://www.thegioididong.com/images/86/156958/chuo-t-bluetooth-logitech-m337-2.jpg\"><img alt=\"Chuột bluetooth Logitech M337 đến từ hãng uy tín\" src=\"https://cdn.tgdd.vn/Products/Images/86/156958/chuo-t-bluetooth-logitech-m337-2.jpg\" style=\"border-style:initial; border-width:0px; height:auto; margin:10px auto\" /></a></p>\r\n\r\n<p><a href=\"https://www.thegioididong.com/images/86/156958/chuo-t-bluetooth-logitech-m337-5.jpg\"><img alt=\"Chuột bluetooth Logitech M337 đến từ hãng uy tín\" src=\"https://cdn.tgdd.vn/Products/Images/86/156958/chuo-t-bluetooth-logitech-m337-5.jpg\" style=\"border-style:initial; border-width:0px; height:auto; margin:10px auto\" /></a></p>\r\n\r\n<p><a href=\"https://www.thegioididong.com/images/86/156958/chuo-t-bluetooth-logitech-m337-3.jpg\"><img alt=\"Chuột bluetooth Logitech M337 đến từ hãng uy tín\" src=\"https://cdn.tgdd.vn/Products/Images/86/156958/chuo-t-bluetooth-logitech-m337-3.jpg\" style=\"border-style:initial; border-width:0px; height:auto; margin:10px auto\" /></a></p>\r\n\r\n<h3><strong>Chi tiết kết nối</strong></h3>\r\n\r\n<p><a href=\"https://www.thegioididong.com/images/86/156958/chuot-bluetooth-logitech-m337-1-1.jpg\"><img alt=\"Chuột bluetooth Logitech M337 đến từ hãng uy tín\" src=\"https://cdn.tgdd.vn/Products/Images/86/156958/chuot-bluetooth-logitech-m337-1-1.jpg\" style=\"border-style:initial; border-width:0px; height:auto; margin:10px auto\" /></a></p>\r\n', '<ul>\r\n	<li>Thiết kế nhỏ gọn, dễ d&agrave;ng mang đi hay cất giữ.</li>\r\n	<li>Nhờ cảm biến quang học laze, M337 hoạt động tr&ecirc;n nhiều bề mặt.</li>\r\n	<li>H&igrave;nh d&aacute;ng uốn lượn với phần tay cầm bọc cao su, gi&uacute;p người d&ugrave;ng thoải m&aacute;i trong qu&aacute; tr&igrave;nh sử dụng</li>\r\n</ul>\r\n', 'chuot-bluetooth-logitech-m337-avatar-1-600x600.jpg', '72.PNG', '73.PNG', '74.PNG', '75.PNG', '76.PNG', '72.PNG', '11/09/2019', '0', 0, 10, 'Còn hàng', ''),
(85, 'Ổ cứng HDD 1TB Seagate Backup', 1690000, 0, '<h3><strong>Ổ cứng HDD 1TB Seagate Backup Plus Slim</strong> xanh dương&nbsp;c&oacute; thiết kế đẹp mắt với m&agrave;u xanh trẻ trung, kiểu d&aacute;ng nhỏ gọn, nhưng kh&aacute; chắc chắn nhờ c&oacute; lớp vỏ kim loại bền bỉ</h3>\r\n\r\n<h3><a href=\"https://www.thegioididong.com/images/75/209115/o-cung-hdd-1tb-seagate-backup-plus-slim-xanh-duong-1.jpg\"><img alt=\"Ổ cứng HDD 1TB Seagate Backup Plus Slim xanh dương có thiết kế trẻ trung\" src=\"https://cdn.tgdd.vn/Products/Images/75/209115/o-cung-hdd-1tb-seagate-backup-plus-slim-xanh-duong-1.jpg\" style=\"border-style:initial; border-width:0px; height:auto; margin:10px auto\" /></a></h3>\r\n\r\n<h3>Ổ cứng c&oacute; dung lượng 1TB, thoải m&aacute;i sao ch&eacute;p, lưu trữ c&aacute;c tệp tin c&oacute; dung lượng lớn</h3>\r\n\r\n<p><a href=\"https://www.thegioididong.com/images/75/209115/o-cung-hdd-1tb-seagate-backup-plus-slim-xanh-duong-2.jpg\"><img alt=\"Ổ cứng HDD 1TB Seagate Backup Plus Slim xanh dương có dung lượng 1 T\" src=\"https://cdn.tgdd.vn/Products/Images/75/209115/o-cung-hdd-1tb-seagate-backup-plus-slim-xanh-duong-2.jpg\" style=\"border-style:initial; border-width:0px; height:auto; margin:10px auto\" /></a></p>\r\n\r\n<h3>Hỗ trợ chuẩn kết nối USB 3.0&nbsp;đem lại tốc độ sao ch&eacute;p dữ liệu kh&aacute; nhanh, l&ecirc;n tới 5Gb/s thay v&igrave; chỉ 480Mb/s đối với USB 2.0, tuy nhi&ecirc;n ổ cứng vẫn hỗ trợ khi kết nối với c&aacute;c thiết bị c&oacute; cổng USB 2.0</h3>\r\n\r\n<p><a href=\"https://www.thegioididong.com/images/75/209115/o-cung-hdd-1tb-seagate-backup-plus-slim-xanh-duong-3.jpg\"><img alt=\"Ổ cứng HDD 1TB Seagate Backup Plus Slim xanh dương có cổng kết nối USB 3.0\" src=\"https://cdn.tgdd.vn/Products/Images/75/209115/o-cung-hdd-1tb-seagate-backup-plus-slim-xanh-duong-3.jpg\" style=\"border-style:initial; border-width:0px; height:auto; margin:10px auto\" /></a></p>\r\n\r\n<h3>Ổ cứng di động&nbsp;c&oacute; khả năng tương th&iacute;ch với hầu hết c&aacute;c hệ điều h&agrave;nh phổ biến hiện nay như Windows 7, 8, 10 v&agrave; Mac OS</h3>\r\n\r\n<p><a href=\"https://www.thegioididong.com/images/75/209115/o-cung-hdd-1tb-seagate-backup-plus-slim-xanh-duong-5.jpg\"><img alt=\"Ổ cứng HDD 1TB Seagate Backup Plus Slim xanh dương tương thích với nhiều hệ điều hành\" src=\"https://cdn.tgdd.vn/Products/Images/75/209115/o-cung-hdd-1tb-seagate-backup-plus-slim-xanh-duong-5.jpg\" style=\"border-style:initial; border-width:0px; height:auto; margin:10px auto\" /></a></p>\r\n', '<ul>\r\n	<li>Thiết kế nhỏ gọn, mỏng nhẹ với chất liệu nhựa v&agrave; nh&ocirc;m.</li>\r\n	<li>Tiện &iacute;ch đi k&egrave;m: Seagate Dashboard, tr&igrave;nh điều khiển NTFS cho Mac.</li>\r\n	<li>Tương th&iacute;ch với hệ điều h&agrave;nh Window 7 trở l&ecirc;n, MacOS X 10.7 trở l&ecirc;n.</li>\r\n	<li>C&oacute; cổng kết nối USB 3.0.</li>\r\n</ul>\r\n', 'o-cung-hdd-1tb-seagate-backup-plus-slim-xanh-duong-1-2-600x600.jpg', '77.PNG', '78.PNG', '79.PNG', '80.PNG', '81.PNG', '82.PNG', '11/09/2019', '0', 0, 9, 'Còn hàng', ''),
(86, 'Dell Vostro 14 3481 i3 7020U/4GB', 12290000, 0, '<h3><strong>Thiết kế thanh lịch, nhỏ gọn</strong></h3>\r\n\r\n<p>Sở hữu những n&eacute;t thiết kế đặc trưng của Dell với vẻ ngo&agrave;i đơn giản v&agrave; thanh lịch. Laptop được ho&agrave;n thiện lớp vỏ chủ yếu từ nhựa, c&aacute;c chi tiết của m&aacute;y được chế tạo tỉ mỉ, từng g&oacute;c cạnh được bo tr&ograve;n tinh tế.&nbsp;Laptop nhỏ gọn&nbsp;với khối lượng chỉ&nbsp;<strong>1.79 kg</strong>, rất ph&ugrave; hợp để mang đi học tập v&agrave; l&agrave;m việc cả ng&agrave;y d&agrave;i.</p>\r\n\r\n<h3><a href=\"https://www.thegioididong.com/images/44/204127/dell-vostro-3481-core-i3-7020u-b.jpg\"><img alt=\"Laptop Dell Vostro 3481 với vẻ ngoài đơn giản và thanh lịch\" src=\"https://cdn.tgdd.vn/Products/Images/44/204127/dell-vostro-3481-core-i3-7020u-b.jpg\" style=\"border-style:initial; border-width:0px; height:auto; margin:10px auto\" /></a></h3>\r\n\r\n<h3>M&agrave;n h&igrave;nh&nbsp;<a href=\"https://www.thegioididong.com/laptop?g=khoang-14\" target=\"_blank\">laptop 14 inch&nbsp;</a></h3>\r\n\r\n<p>M&agrave;n h&igrave;nh laptop c&oacute; k&iacute;ch thước&nbsp;<strong>14 inch</strong>, một k&iacute;ch thước vừa phải để bạn thoải m&aacute;i sử dụng. Độ ph&acirc;n giải<strong>&nbsp;HD&nbsp;</strong>mang đến những h&igrave;nh ảnh chất lượng, chi tiết, r&otilde; n&eacute;t v&agrave; m&agrave;u sắc cũng trung thực.</p>\r\n\r\n<h2><a href=\"https://www.thegioididong.com/images/44/204127/dell-vostro-3481-core-i3-7020u-a-2.jpg\"><img alt=\"Màn hình laptop Dell Vostro 3481 i3 7020U có kích thước 14 inch\" src=\"https://cdn.tgdd.vn/Products/Images/44/204127/dell-vostro-3481-core-i3-7020u-a-2.jpg\" style=\"border-style:initial; border-width:0px; height:auto; margin:10px auto\" /></a></h2>\r\n\r\n<h3><strong>Cấu h&igrave;nh xử l&yacute; tốt c&aacute;c c&ocirc;ng việc văn ph&ograve;ng đơn giản</strong></h3>\r\n\r\n<p>Bộ vi xử l&yacute;&nbsp;<strong>Intel Core i3&nbsp;</strong>thế hệ thứ 8&nbsp;đem lại cho&nbsp;Dell Vostro&nbsp;14 một sức mạnh xử l&yacute; ổn định v&agrave; tiết kiệm điện năng hiệu quả. C&ugrave;ng với đ&oacute; l&agrave;&nbsp;<strong>4 GB RAM</strong>&nbsp;cho khả năng đa nhiệm tốt, c&aacute;c t&aacute;c vụ như lướt web, xem phim giải tr&iacute; đều mượt m&agrave;.</p>\r\n\r\n<h2><a href=\"https://www.thegioididong.com/images/44/204127/dell-vostro-3481-core-i3-7020u-a-1.jpg\"><img alt=\"Laptop Dell Vostro 3481 đem lại cho máy một sức mạnh xử lý ổn định \" src=\"https://cdn.tgdd.vn/Products/Images/44/204127/dell-vostro-3481-core-i3-7020u-a-1.jpg\" style=\"border-style:initial; border-width:0px; height:auto; margin:10px auto\" /></a></h2>\r\n\r\n<h3><strong>Lưu trữ kh&ocirc;ng giới hạn ngay tr&ecirc;n laptop của bạn</strong></h3>\r\n\r\n<p>Một&nbsp;<strong>ổ cứng HDD</strong>&nbsp;dung lượng l&ecirc;n đến 1 TB cho bạn thỏa sức lưu trữ mọi tập tin hay h&igrave;nh ảnh. M&aacute;y c&oacute; hỗ trợ&nbsp;<strong><a href=\"https://www.thegioididong.com/hoi-dap/tim-hieu-ve-cac-chuan-toc-do-cua-o-cung-ssd-tren-1115453\" target=\"_blank\">khe cắm SSD</a>&nbsp;</strong>M.2 PCIe d&agrave;nh kh&aacute;ch h&agrave;ng c&oacute; nhu cầu n&acirc;ng cấp tốc độ của m&aacute;y.</p>\r\n\r\n<h3><a href=\"https://www.thegioididong.com/images/44/204127/dell-vostro-3481-core-i3-7020u-c.jpg\"><img alt=\"Laptop Dell Vostro 3481 dung lượng lên đến 1TB \" src=\"https://cdn.tgdd.vn/Products/Images/44/204127/dell-vostro-3481-core-i3-7020u-c.jpg\" style=\"border-style:initial; border-width:0px; height:auto; margin:10px auto\" /></a></h3>\r\n\r\n<h3><strong>Khả năng bảo mật được n&acirc;ng cao</strong></h3>\r\n\r\n<p>Điểm cộng lớn ở chiếc laptop gi&aacute; rẻ n&agrave;y l&agrave; được trang bị t&iacute;nh năng<strong>&nbsp;bảo mật bằng v&acirc;n tay.</strong>&nbsp;Với t&iacute;nh năng bảo mật bằng v&acirc;n tay th&igrave; bạn kh&ocirc;ng cần phải lo người kh&aacute;c c&oacute; thể truy cập laptop của bạn đồng thời mở kh&oacute;a laptop bằng v&acirc;n tay cũng nhanh ch&oacute;ng v&agrave; tiện lợi hơn rất nhiều so với mở kh&oacute;a bằng mật khẩu.</p>\r\n\r\n<h3><a href=\"https://www.thegioididong.com/images/44/204127/dell-vostro-3481-core-i3-7020u-6-1.jpg\"><img alt=\"Laptop Dell Vostro 3481  mở khóa laptop bằng vân tay nhanh chóng và tiện lợi\" src=\"https://cdn.tgdd.vn/Products/Images/44/204127/dell-vostro-3481-core-i3-7020u-6-1.jpg\" style=\"border-style:initial; border-width:0px; height:auto; margin:10px auto\" /></a></h3>\r\n', '<p>Giảm ngay 10% tại 26 Trung t&acirc;m Laptop Khai Trương (từ 06/09 - 12/09, &aacute;p dụng k&egrave;m đổi điểm thi - kh&ocirc;ng k&egrave;m khuyến m&atilde;i kh&aacute;c)&nbsp;</p>\r\n\r\n<p>Cơ hội tr&uacute;ng 450 suất học bổng trị gi&aacute; 4.5 tỷ đồng (&aacute;p dụng từ 01/08 - 31/10)&nbsp;</p>\r\n\r\n<p>Mua k&egrave;m Office 365 Personal ưu đ&atilde;i giảm 600.000đMua Loa k&eacute;o với gi&aacute; giảm 15% (Loa mua k&egrave;m kh&ocirc;ng &aacute;p dụng khuyến m&atilde;i kh&aacute;c)&nbsp;</p>\r\n\r\n<p>Tai nghe chụp tai Kanen IP-350, chuột kh&ocirc;ng d&acirc;y</p>\r\n', 'dell-vostro-3481-core-i3-7020u-6-1-1-1-600x600.jpg', '83.PNG', '84.PNG', '85.PNG', '86.PNG', '87.PNG', '88.PNG', '11/09/2019', '0', 1, 1, 'Còn hàng', ''),
(87, 'HP Pavilon 14 ce2035tu i3 8145U/4GB', 13290000, 0, '<h2>HP Pavilon 14 ce2035tu i3 (6YZ18PA)&nbsp;l&agrave; một mẫu&nbsp;laptop học tập văn ph&ograve;ng&nbsp;c&oacute; cấu h&igrave;nh vừa phải, đ&aacute;p ứng nhu cầu văn ph&ograve;ng v&agrave; giải tr&iacute; thường ng&agrave;y.&nbsp;Laptop&nbsp;c&ograve;n c&oacute; thiết kế mỏng nhẹ v&agrave; mức gi&aacute; phải chăng.</h2>\r\n\r\n<p>Lớp vỏ nhựa tr&ecirc;n&nbsp;laptop HP&nbsp;Pavilon 14 ce2035tu&nbsp;được ho&agrave;n thiện tỉ mỉ, chắc chắn. C&aacute;c g&oacute;c m&aacute;y được bo tr&ograve;n nhẹ gi&uacute;p người d&ugrave;ng&nbsp;<strong>dễ d&agrave;ng cầm nắm</strong>. Việc di chuyển m&aacute;y cũng trở n&ecirc;n dễ d&agrave;ng hơn với độ d&agrave;y chỉ&nbsp;<strong>17.9 mm</strong>&nbsp;v&agrave; c&acirc;n nặng&nbsp;<strong>1.6 kg</strong>.</p>\r\n\r\n<p><a href=\"https://www.thegioididong.com/images/44/207533/hp-pavilon-14-ce2035tu-i3-6yz18pa-thiet-ke.jpg\"><img alt=\"Thiết kế laptop HP Pavilon 14 ce2035tu i3 (6YZ18PA) \" src=\"https://cdn.tgdd.vn/Products/Images/44/207533/hp-pavilon-14-ce2035tu-i3-6yz18pa-thiet-ke.jpg\" style=\"border-style:initial; border-width:0px; height:auto; margin:10px auto\" /></a></p>\r\n\r\n<h3>Cấu h&igrave;nh đ&aacute;p ứng nhu cầu văn ph&ograve;ng</h3>\r\n\r\n<p>Với chip&nbsp;laptop&nbsp;Core i3&nbsp;thế hệ thứ 8 v&agrave; RAM 4 GB, Laptop HP Pavilon 14 ce2035tu&nbsp;<strong>chạy mượt c&aacute;c ứng dụng văn ph&ograve;ng</strong>,&nbsp;<strong>thiết kế cơ bản</strong>. B&ecirc;n cạnh đ&oacute;, m&aacute;y hỗ trợ n&acirc;ng cấp RAM l&ecirc;n 8 GB để đa nhiệm mượt m&agrave; hơn.&nbsp;</p>\r\n\r\n<p><a href=\"https://www.thegioididong.com/images/44/207533/hp-pavilon-14-ce2035tu-i3-6yz18pa-cau-hinh-1.jpg\"><img alt=\"Cấu hình laptop HP Pavilon 14 ce2035tu i3 (6YZ18PA)\" src=\"https://cdn.tgdd.vn/Products/Images/44/207533/hp-pavilon-14-ce2035tu-i3-6yz18pa-cau-hinh-1.jpg\" style=\"border-style:initial; border-width:0px; height:auto; margin:10px auto\" /></a></p>\r\n\r\n<p>Với ổ cứng&nbsp;HDD 1 TB, việc lưu trữ c&aacute;c file nặng kh&ocirc;ng c&ograve;n l&agrave; vấn đề nữa. Bạn c&oacute; thể&nbsp;<strong>lưu h&agrave;ng trăm tựa phim, b&agrave;i h&aacute;t, t&agrave;i liệu</strong>&nbsp;cần thiết tr&ecirc;n thiết bị n&agrave;y. Ngo&agrave;i ra, laptop hỗ trợ khe cắm SSD M.2 PCIe tiện lợi cho kh&aacute;ch h&agrave;ng c&oacute; nhu cầu&nbsp;<strong>n&acirc;ng cấp tốc độ&nbsp;</strong>của m&aacute;y.</p>\r\n\r\n<p><a href=\"https://www.thegioididong.com/images/44/207533/hp-pavilon-14-ce2035tu-i3-6yz18pa-hdd.jpg\"><img alt=\"Ổ cứng HDD trên laptop HP Pavilon 14 ce2035tu i3 (6YZ18PA)\" src=\"https://cdn.tgdd.vn/Products/Images/44/207533/hp-pavilon-14-ce2035tu-i3-6yz18pa-hdd.jpg\" style=\"border-style:initial; border-width:0px; height:auto; margin:10px auto\" /></a></p>\r\n\r\n<h3>M&agrave;n h&igrave;nh sắc n&eacute;t, g&oacute;c nh&igrave;n rộng</h3>\r\n\r\n<p>Laptop trang bị&nbsp;m&agrave;n h&igrave;nh&nbsp;<strong>14 inch&nbsp;</strong>độ ph&acirc;n giải Full HD (1920 x 1080) viền mỏng c&ugrave;ng tấm nền IPS<strong>.</strong>&nbsp;HP Pavilon 14 sẽ đem đến cho bạn kh&ocirc;ng gian&nbsp;<strong>h&igrave;nh ảnh sắc n&eacute;t</strong>, m&agrave;u sắc&nbsp;<strong>ch&acirc;n thật</strong>&nbsp;c&ugrave;ng&nbsp;<strong>g&oacute;c nh&igrave;n rộng&nbsp;</strong>l&ecirc;n đến 178 độ.</p>\r\n\r\n<p><a href=\"https://www.thegioididong.com/images/44/207533/hp-pavilon-14-ce2035tu-i3-6yz18pa-man-hin.jpg\"><img alt=\"Màn hình laptop HP Pavilon 14 ce2035tu i3(6YZ18PA)\" src=\"https://cdn.tgdd.vn/Products/Images/44/207533/hp-pavilon-14-ce2035tu-i3-6yz18pa-man-hin.jpg\" style=\"border-style:initial; border-width:0px; height:auto; margin:10px auto\" /></a></p>\r\n\r\n<p>C&ocirc;ng nghệ &acirc;m thanh Bang &amp; Olufsen audio đem đến&nbsp;<strong>&acirc;m thanh to r&otilde;, sống động,</strong>&nbsp;cho trải nghiệm nghe cực đ&atilde;.</p>\r\n\r\n<p><a href=\"https://www.thegioididong.com/images/44/207533/hp-pavilon-14-ce2035tu-i3-6yz18pa-am-thanh.jpg\"><img alt=\"Âm thanh B&amp;O trên laptop HP Pavilon 14 ce2035tu i3  (6YZ18PA)\" src=\"https://cdn.tgdd.vn/Products/Images/44/207533/hp-pavilon-14-ce2035tu-i3-6yz18pa-am-thanh.jpg\" style=\"border-style:initial; border-width:0px; height:auto; margin:10px auto\" /></a></p>\r\n\r\n<p>Để người d&ugrave;ng dễ d&agrave;ng kết nối laptop với c&aacute;c thiết bị kh&aacute;c, HP Pavilon trang bị c&aacute;c cổng kết nối th&ocirc;ng dụng như&nbsp;USB 3.0, HDMI, USB Type-C,... gi&uacute;p việc&nbsp;<strong>kết nối nhanh ch&oacute;ng</strong>,&nbsp;<strong>xuất v&agrave; truyền dữ liệu tiện lợi</strong>&nbsp;hơn.</p>\r\n', '<p>Giảm ngay 10% tại 26 Trung t&acirc;m Laptop Khai Trương (từ 06/09 - 12/09, &aacute;p dụng k&egrave;m đổi điểm thi - kh&ocirc;ng k&egrave;m khuyến m&atilde;i kh&aacute;c)&nbsp;</p>\r\n\r\n<p>Cơ hội tr&uacute;ng 450 suất học bổng trị gi&aacute; 4.5 tỷ đồng (&aacute;p dụng từ 01/08 - 31/10)&nbsp;</p>\r\n\r\n<p>Mua k&egrave;m Office 365 Personal ưu đ&atilde;i giảm 600.000đMua Loa k&eacute;o với gi&aacute; giảm 15% (Loa mua k&egrave;m kh&ocirc;ng &aacute;p dụng khuyến m&atilde;i kh&aacute;c)&nbsp;</p>\r\n\r\n<p>Tặng k&egrave;m chuột kh&ocirc;ng d&acirc;y.</p>\r\n', 'hp-pavilon-14-ce2035tu-i3-8145u-4gb-1gb-win10-6yz-17-600x600.jpg', '89.PNG', '90.PNG', '91.PNG', '92.PNG', '93.PNG', '94.PNG', '11/09/2019', '0', 4, 7, 'Còn hàng', ''),
(88, 'HP Palivion 15 cx0178TX i7', 28690000, 0, '<h3><strong>Thi&ecirc;́t k&ecirc;́ cứng cáp, hi&ecirc;̣n đại</strong></h3>\r\n\r\n<p>Laptop&nbsp;HP Pavilion Power 15-cx0178TX 5EF41PA c&oacute; kiểu d&aacute;ng hiện đại, vỏ nhựa m&agrave;u đen với logo HP nổi bật tr&ecirc;n nắp m&aacute;y, bốn g&oacute;c cạnh được bo tr&ograve;n vừa phải, mang đến vẻ đẹp mạnh mẽ v&agrave; cứng c&aacute;p cho chiếc m&aacute;y.</p>\r\n\r\n<p><a href=\"https://www.thegioididong.com/images/44/202329/hp-pavilion-15-cx0178tx-i7-8750h-8gb-128gb-1tb-4gb-1.jpg\"><img alt=\"Laptop HP Pavilion Power 15-cx0178TX 5EF41PA thiết kế cứng cáp, hiện đại \" src=\"https://cdn.tgdd.vn/Products/Images/44/202329/hp-pavilion-15-cx0178tx-i7-8750h-8gb-128gb-1tb-4gb-1.jpg\" style=\"border-style:initial; border-width:0px; height:auto; margin:10px auto\" /></a></p>\r\n\r\n<h3><strong>Hi&ecirc;̣u năng mạnh mẽ</strong></h3>\r\n\r\n<p>Laptop HP&nbsp;Pavilion Power 15&nbsp;được trang bị vi xử l&yacute;<strong>&nbsp;Chip Intel&nbsp;Core i7&nbsp;</strong>th&ecirc;́ h&ecirc;̣ thứ 8 đi k&egrave;m l&agrave;<strong>&nbsp;RAM 8 GB</strong>, ổ cứng kép&nbsp;<strong>1 TB HDD</strong>&nbsp;+&nbsp;<strong>ổ cứng SSD</strong>&nbsp;đem đến một hiệu năng mạnh mẽ, khả năng đa nhiệm mượt m&agrave;, tốc độ xử l&iacute; nhanh v&agrave; một kh&ocirc;ng gian lưu trữ rộng lớn.</p>\r\n\r\n<p><a href=\"https://www.thegioididong.com/images/44/202329/hp-pavilion-15-cx0178tx-i7-8750h-8gb-128gb-1tb-4gb-3.jpg\"><img alt=\"HP Palivion 15 cx0178TX thiết kế \" src=\"https://cdn.tgdd.vn/Products/Images/44/202329/hp-pavilion-15-cx0178tx-i7-8750h-8gb-128gb-1tb-4gb-3.jpg\" style=\"border-style:initial; border-width:0px; height:auto; margin:10px auto\" /></a></p>\r\n\r\n<h3><strong>Cỗ m&aacute;y chiến game thực thụ</strong></h3>\r\n\r\n<p><strong>Card đồ họa rời</strong>&nbsp;<strong>Nvidia GTX 1050 4 GB</strong>&nbsp;mạnh mẽ c&oacute; thể đ&aacute;p ứng tốt c&aacute;c nhu cầu thiết kế đồ họa &nbsp;v&agrave; chơi c&aacute;c game khủng hiện nay như li&ecirc;n minh, CS GO cấu h&igrave;nh cao nhất.</p>\r\n\r\n<p><a href=\"https://www.thegioididong.com/images/44/202329/hp-pavilion-15-cx0178tx-i7-8750h-8gb-128gb-1tb-4gb-cauhinh1.jpg\"><img alt=\"Laptop HP Pavilion Power 15-cx0178TX 5EF41PA có card đồ họa rời Nvidia GTX 1050 4GB mạnh mẽ\" src=\"https://cdn.tgdd.vn/Products/Images/44/202329/hp-pavilion-15-cx0178tx-i7-8750h-8gb-128gb-1tb-4gb-cauhinh1.jpg\" style=\"border-style:initial; border-width:0px; height:auto; margin:10px auto\" /></a></p>\r\n\r\n<h3><strong>B&agrave;n ph&iacute;m hỗ trợ đ&egrave;n nền v&agrave; Touchpad rộng r&atilde;i</strong></h3>\r\n\r\n<p>B&agrave;n ph&iacute;m được trang bị tr&ecirc;n&nbsp;laptop gaming&nbsp;HP Pavilion&nbsp;Power 15-cx0178TX 5EF41PA l&agrave; dạng b&agrave;n ph&iacute;m chiclet với thiết kế nguy&ecirc;n khối, hỗ trợ th&ecirc;m đ&egrave;n nền màu xanh lá b&agrave;n ph&iacute;m sẽ gi&uacute;p bạn cảm gi&aacute;c g&otilde; ph&iacute;m tốt hơn trong khi l&agrave;m việc v&agrave; giải tr&iacute;.</p>\r\n\r\n<p><a href=\"https://www.thegioididong.com/images/44/202329/hp-pavilion-15-cx0178tx-i7-8750h-8gb-128gb-1tb-4gb-banphim.jpg\"><img alt=\"Laptop HP Pavilion Power 15-cx0178TX 5EF41PA có bàn phím hỗ trợ đèn nền và Touchpad rộng rãi\" src=\"https://cdn.tgdd.vn/Products/Images/44/202329/hp-pavilion-15-cx0178tx-i7-8750h-8gb-128gb-1tb-4gb-banphim.jpg\" style=\"border-style:initial; border-width:0px; height:auto; margin:10px auto\" /></a></p>\r\n\r\n<h3><strong>&Acirc;m thanh sống động ph&aacute;t ra từ mọi hướng</strong></h3>\r\n\r\n<p>C&ocirc;ng ngh&ecirc;̣ &acirc;m thanh Dual Speakers&nbsp;<strong>B&amp;O</strong>&nbsp;&Acirc;m thanh sống động ph&aacute;t ra từ mọi hướng gi&uacute;p bạn c&oacute; được trải nghiệm &acirc;m thanh c&oacute; chiều s&acirc;u, nghe nhạc v&agrave; chơi game cực đ&atilde;.</p>\r\n\r\n<p><a href=\"https://www.thegioididong.com/images/44/202329/hp-pavilion-15-cx0178tx-i7-8750h-8gb-128gb-1tb-4gb-amthanh.jpg\"><img alt=\"Laptop HP Pavilion Power 15-cx0178TX 5EF41PA có âm thanh sống động phát ra từ mọi hướng\" src=\"https://cdn.tgdd.vn/Products/Images/44/202329/hp-pavilion-15-cx0178tx-i7-8750h-8gb-128gb-1tb-4gb-amthanh.jpg\" style=\"border-style:initial; border-width:0px; height:auto; margin:10px auto\" /></a></p>\r\n\r\n<h3><strong>H&igrave;nh ảnh s&ocirc;́ng đ&ocirc;̣ng, sắc nét đến từng chi ti&ecirc;́t</strong></h3>\r\n\r\n<p>M&agrave;n h&igrave;nh&nbsp;<strong>15.6 inch Full HD</strong>&nbsp;đem đến cho bạn một kh&ocirc;ng gian giải tr&iacute; rộng lớn, sống động đến từng chi tiết.</p>\r\n\r\n<p><a href=\"https://www.thegioididong.com/images/44/202329/hp-pavilion-15-cx0178tx-i7-8750h-8gb-128gb-1tb-4gb-manhinh.jpg\"><img alt=\"Laptop HP Pavilion Power 15-cx0178TX 5EF41PA có hình ảnh sống động, sắc nét đến từng chi tiết\" src=\"https://cdn.tgdd.vn/Products/Images/44/202329/hp-pavilion-15-cx0178tx-i7-8750h-8gb-128gb-1tb-4gb-manhinh.jpg\" style=\"border-style:initial; border-width:0px; height:auto; margin:10px auto\" /></a></p>\r\n\r\n<h3><strong>Khả năng tản nhiệt tốt</strong></h3>\r\n\r\n<p>Sau nhiều giờ chơi game, laptop c&oacute; thể n&oacute;ng l&ecirc;n đ&ocirc;i ch&uacute;t nhưng với t', '<p><strong>Giảm ngay</strong> <strong>10%</strong> tại 26 Trung t&acirc;m Laptop Khai Trương (từ 06/09 - 12/09, &aacute;p dụng k&egrave;m đổi điểm thi - kh&ocirc;ng k&egrave;m khuyến m&atilde;i kh&aacute;c)&nbsp;</p>\r\n\r\n<p>Cơ hội tr&uacute;ng 450 suất học bổng trị gi&aacute; <strong>4.5 tỷ đồng</strong> (&aacute;p dụng từ 01/08 - 31/10)</p>\r\n\r\n<p>Mua k&egrave;m Office 365 Personal <strong>ưu đ&atilde;i giảm 600.000đ</strong></p>\r\n\r\n<p>Tặng suất mua Đồng hồ thời trang <strong>giảm ngay 40%</strong>, mắt k&iacute;nh <strong>giảm ngay 20%</strong> (HSD: 7 ng&agrave;y từ ng&agrave;y mua h&agrave;ng, kh&ocirc;ng &aacute;p dụng KM kh&aacute;c).</p>\r\n\r\n<p>Mua Loa k&eacute;o với gi&aacute; <strong>giảm 15% </strong>(Loa mua k&egrave;m kh&ocirc;ng &aacute;p dụng khuyến m&atilde;i kh&aacute;c)&nbsp;</p>\r\n', 'hp-pavilion-15-cx0178tx-i7-8750h-8gb-128gb-1tb-4gb-4-600x600.jpg', '95.PNG', '96.PNG', '97.PNG', '98.PNG', '99.PNG', '100.PNG', '12/09/2019', '0', 4, 3, 'Còn hàng', ''),
(92, 'Asus UX533FD i5 8265U/8GB/256GB', 27490000, 0, '<h3><strong>Thiết kế sang trọng v&agrave; cao cấp</strong></h3>\r\n\r\n<p>Laptop ASUS&nbsp;Zenbook 15 UX533FD được ho&agrave;n thiện bằng kim loại, từng chi tiết được chau chuốt tỉ mỉ, mang lại vẻ ngo&agrave;i cứng c&aacute;p v&agrave; sang trọng.</p>\r\n\r\n<p><a href=\"https://www.thegioididong.com/images/44/200052/asus-ux533fd-i5-8265u-8gb-256gb-2gb-gtx1050-156f-c-1-1.jpg\"><img alt=\"Asus UX533FD i5 có thiết kế sang trọng\" src=\"https://cdn.tgdd.vn/Products/Images/44/200052/asus-ux533fd-i5-8265u-8gb-256gb-2gb-gtx1050-156f-c-1-1.jpg\" style=\"border-style:initial; border-width:0px; height:auto; margin:10px auto\" /></a></p>\r\n\r\n<h3><strong>Viền m&agrave;n h&igrave;nh si&ecirc;u mỏng, h&igrave;nh ảnh sắc n&eacute;t</strong></h3>\r\n\r\n<p>M&agrave;n h&igrave;nh lớn&nbsp;<strong>15.6 inch</strong>&nbsp;với thiết kế kh&ocirc;ng viền ở cả 4 cạnh, gi&uacute;p k&iacute;ch thước m&aacute;y thu gọn chỉ bằng c&aacute;c mẫu&nbsp;<strong>14 inch</strong>. Độ ph&acirc;n giải&nbsp;<strong>Full HD</strong>&nbsp;kết hợp với c&ocirc;ng nghệ<strong>&nbsp;IPS&nbsp;</strong>gi&uacute;p h&igrave;nh ảnh được t&aacute;i hiện sắc n&eacute;t v&agrave; sống động ở mọi g&oacute;c nh&igrave;n.</p>\r\n\r\n<p><a href=\"https://www.thegioididong.com/images/44/200052/asus-ux533fd-i5-8265u-8gb-256gb-2gb-gtx1050-156f-c-2-1.jpg\"><img alt=\"Viền màn hình siêu mỏng trên Asus UX533FD i5\" src=\"https://cdn.tgdd.vn/Products/Images/44/200052/asus-ux533fd-i5-8265u-8gb-256gb-2gb-gtx1050-156f-c-2-1.jpg\" style=\"border-style:initial; border-width:0px; height:auto; margin:10px auto\" /></a></p>\r\n\r\n<h3><strong>Hiệu năng mạnh mẽ</strong></h3>\r\n\r\n<p>Laptop&nbsp;được trang bị CPU&nbsp;<strong>Core i5</strong>&nbsp;thế hệ thứ 8, ổ cứng&nbsp;<strong>SSD 256 GB</strong>&nbsp;cho tốc độ xử l&yacute; v&agrave; khởi động nhanh ch&oacute;ng. Dung lượng RAM lớn<strong>&nbsp;8 GB</strong>&nbsp;v&agrave;&nbsp;<strong>card đồ họa rời GTX 1050 2 GB</strong>&nbsp;cho khả năng chạy đa nhiệm v&agrave; xử l&yacute; đồ họa hiệu quả. Đ&aacute;p ứng tốt c&aacute;c nhu cầu l&agrave;m việc văn ph&ograve;ng hoặc đồ họa kỹ thuật.</p>\r\n\r\n<p><a href=\"https://www.thegioididong.com/images/44/200052/asus-ux533fd-i5-8265u-8gb-256gb-2gb-gtx1050-156f-c-3-1.jpg\"><img alt=\"Cấu hình mạnh mẽ của Asus UX533FD i5\" src=\"https://cdn.tgdd.vn/Products/Images/44/200052/asus-ux533fd-i5-8265u-8gb-256gb-2gb-gtx1050-156f-c-3-1.jpg\" style=\"border-style:initial; border-width:0px; height:auto; margin:10px auto\" /></a></p>\r\n\r\n<h3><strong>Pin d&ugrave;ng được đến 17 giờ</strong></h3>\r\n\r\n<p>B&ecirc;n trong m&aacute;y được trang bị vi&ecirc;n pin Li-polymer 73Wh cho thời gian sử dụng l&ecirc;n đến&nbsp;<strong>17 giờ</strong>&nbsp;(theo Asus c&ocirc;ng bố). Thoải m&aacute;i sử dụng ở nơi c&ocirc;ng cộng, trong c&aacute;c cuộc họp k&eacute;o d&agrave;i...</p>\r\n\r\n<p><a href=\"https://www.thegioididong.com/images/44/200052/asus-ux533fd-i5-8265u-8gb-256gb-2gb-gtx1050-156f-c-5-1.jpg\"><img alt=\"Pin dùng được đến 17 giờ trên Laptop Asus UX533FD i5\" src=\"https://cdn.tgdd.vn/Products/Images/44/200052/asus-ux533fd-i5-8265u-8gb-256gb-2gb-gtx1050-156f-c-5-1.jpg\" style=\"border-style:initial; border-width:0px; height:auto; margin:10px auto\" /></a></p>\r\n\r\n<h3><strong>&Acirc;m thanh Harman Kardon đắm ch&igrave;m</strong></h3>\r\n\r\n<p>Được tinh chỉnh c&ugrave;ng với h&atilde;ng &acirc;m thanh nổi tiếng Harman Kardon, c&ugrave;ng phần cứng cao cấp, mang lại trải nghiệm &acirc;m thanh sống động v&agrave; chi tiết hơn.</p>\r\n\r\n<p><a href=\"https://www.thegioididong.com/images/44/200052/asus-ux533fd-i5-8265u-8gb-256gb-2gb-gtx1050-156f-c-4-1.jpg\"><img alt=\"Âm thanh tuyệt với trên Laptop Asus UX533FD i5\" src=\"https://cdn.tgdd.vn/Products/Images/44/200052/asus-ux533fd-i5-8265u-8gb-256gb-2gb-gtx1050-156f-c-4-1.jpg\" style=\"border-style:initial; border-width:0px; height:auto; margin:10px auto\" /></a></p>\r\n\r\n<h3><strong>Bảo mật gương mặt&nbsp;</strong></h3>\r\n\r\n<p>Với t&iacute;nh năng bảo mật cực hiện đại -<strong>&nbsp;qu&eacute;t khu&ocirc;n mặt bằng camera hồng ngoại</strong>, bạn c&oacute; thể mở m&aacute;y cực k&igrave; nhanh ch&oacute;ng, dễ d&agrave;ng m&agrave; kh&ocirc;ng cần chạm tay v&agrave;o thiết bị.</p>\r\n\r\n<p><a href=\"https://www.thegioididong.com/images/44/200052/asus-ux533fd-i5-8265u-8gb-256gb-2gb-gtx1050-156f-c-5-1-1.jpg\"><img alt=\"Bảo mật khuôn mặt trên laptop Laptop Asus UX533FD \" src=\"https://cdn.tgdd.vn/Products/Images/44/200052/asus-ux533fd-i5-8265u-8gb-256gb-2gb-gtx1050-156f-c-5-1-1.jpg\" style=\"border-style:initial; border-width:0px; height:auto; margin:10px auto\" /></a></p>\r\n', '<p><strong>Giảm ngay 10%</strong> tại 26 Trung t&acirc;m Laptop Khai Trương (từ 06/09 - 12/09, &aacute;p dụng k&egrave;m đổi điểm thi - kh&ocirc;ng k&egrave;m khuyến m&atilde;i kh&aacute;c)&nbsp;</p>\r\n\r\n<p>Cơ hội tr&uacute;ng 450 suất h<strong>ọc bổng trị gi&aacute; 4.5 tỷ đồng </strong>(&aacute;p dụng từ 01/08 - 31/10)</p>\r\n\r\n<p>Mua k&egrave;m Office 365 Personal <strong>ưu đ&atilde;i giảm 600.000đ</strong></p>\r\n\r\n<p>Tặng suất mua Đồng hồ thời trang <strong>giảm ngay 40%</strong>, mắt k&iacute;nh giảm ngay 20% (HSD: 7 ng&agrave;y từ ng&agrave;y mua h&agrave;ng, kh&ocirc;ng &aacute;p dụng KM kh&aacute;c).</p>\r\n\r\n<p>Mua Loa k&eacute;o với <strong>gi&aacute; giảm 15%</strong> (Loa mua k&egrave;m kh&ocirc;ng &aacute;p dụng khuyến m&atilde;i kh&aacute;c)&nbsp;</p>\r\n\r\n<p><span class=\"marker\"><em>* Lưu &yacute; : Kh&ocirc;ng &aacute;p dụng khi mua trả g&oacute;p</em></span></p>\r\n', 'asus-ux533fd-i5-8265u-8gb-256gb-2gb-gtx1050-156f-c-600x600.jpg', '101.PNG', '102.PNG', '103.PNG', '104.PNG', '105.PNG', '106.PNG', '12/09/2019', '0', 5, 4, 'Còn hàng', '2 năm');
INSERT INTO `products` (`ID`, `ProductName`, `UnitPrice`, `UnitSale`, `Discription`, `Information`, `avatar`, `gallery_1`, `gallery_2`, `gallery_3`, `gallery_4`, `gallery_5`, `gallery_6`, `DatePost`, `Dateupdate`, `BrandID`, `CategoryID`, `Status`, `Waranty`) VALUES
(93, 'Apple Macbook Air 2018 i5/8GB', 33990000, 32990000, '<h3><strong>Độ mỏng ấn tượng, di động ho&agrave;n hảo</strong></h3>\r\n\r\n<p>Tiếp nối ưu điểm của thế hệ&nbsp;MacBook Air&nbsp;tiền nhiệm, phi&ecirc;n bản 2018 nay c&ograve;n mỏng v&agrave; nhẹ hơn. C&acirc;n nặng chỉ&nbsp;<strong>1.25 kg</strong>&nbsp;v&agrave; mỏng&nbsp;<strong>15.6 mm</strong>&nbsp;gi&uacute;p bạn dễ d&agrave;ng mang theo mọi l&uacute;c, mọi nơi.&nbsp;Vật liệu l&agrave;m n&ecirc;n lớp vỏ Macbook Air 2018 l&agrave;&nbsp;<strong>nh&ocirc;m t&aacute;i chế 100%</strong>, &ldquo;xanh&rdquo; hơn, th&acirc;n thiện với m&ocirc;i trường hơn.</p>\r\n\r\n<p><a href=\"https://www.thegioididong.com/images/44/197201/apple-macbook-air-mref2sa-a-i5-8gb-256gb-content-manhinhtgdd-1.jpg\"><img alt=\"Thiết kế siêu mỏng trên Macbook Air 2018 256 GB\" src=\"https://cdn.tgdd.vn/Products/Images/44/197201/apple-macbook-air-mref2sa-a-i5-8gb-256gb-content-manhinhtgdd-1.jpg\" style=\"border-style:initial; border-width:0px; height:auto; margin:10px auto\" /></a></p>\r\n\r\n<h3><strong>M&agrave;n h&igrave;nh Retina sắc n&eacute;t - Lần đầu xuất hiện tr&ecirc;n Macbook Air</strong></h3>\r\n\r\n<p>M&agrave;n h&igrave;nh của Macbook Air 2018 l&agrave; điểm cải tiến nổi bật nhất so với thế hệ trước. Viền m&agrave;n h&igrave;nh mỏng hơn 50% c&ugrave;ng độ ph&acirc;n giải cao&nbsp;<strong>2K&nbsp;Retina</strong>&nbsp;mang lại trải nghiệm h&igrave;nh ảnh sắc n&eacute;t, ch&acirc;n thực hơn.</p>\r\n\r\n<p><a href=\"https://www.thegioididong.com/images/44/197201/apple-macbook-air-mref2sa-a-i5-8gb-256gb-content-manhinhdmx-1.jpg\"><img alt=\"Màn hình Retina sắc nét - Macbook Air 2018 \" src=\"https://cdn.tgdd.vn/Products/Images/44/197201/apple-macbook-air-mref2sa-a-i5-8gb-256gb-content-manhinhdmx-1.jpg\" style=\"border-style:initial; border-width:0px; height:auto; margin:10px auto\" /></a></p>\r\n\r\n<h3><strong>Đ&aacute;p ứng tuyệt vời nhu cầu văn ph&ograve;ng</strong></h3>\r\n\r\n<p>Cấu h&igrave;nh Macbook Air 2018 nếu so s&aacute;nh với c&aacute;c laptop Windows c&oacute; thể kh&ocirc;ng mấy nổi bật, tuy nhi&ecirc;n những chiếc&nbsp;laptop Apple&nbsp;lu&ocirc;n biết c&aacute;ch đ&aacute;p ứng đ&uacute;ng thứ kh&aacute;ch h&agrave;ng cần.</p>\r\n\r\n<p>Dung lượng&nbsp;<strong>RAM 8 GB</strong>&nbsp;của Macbook Air 2018 cho ph&eacute;p bạn sử dụng c&ugrave;ng l&uacute;c nhiều ứng dụng, mở nhiều tab tr&igrave;nh duyệt m&agrave; kh&ocirc;ng bị đứng, giật.&nbsp;<strong>Ổ cứng SSD</strong>&nbsp;dung lượng 256 GB cho tốc độ khởi chạy c&aacute;c ứng dụng trong chớp mắt.</p>\r\n\r\n<p>Mẫu Macbook 2018 c&ograve;n cho ph&eacute;p bạn c&oacute; thể sử dụng mượt m&agrave; c&aacute;c ứng dụng thiết kế chuy&ecirc;n nghiệp như Photoshop, AI,...</p>\r\n\r\n<p><a href=\"https://www.thegioididong.com/images/44/197201/apple-macbook-air-mref2sa-a-i5-8gb-256gb-content-cauhinhtgdd.jpg\"><img alt=\"Cấu hình mạnh mẽ trên Macbook Air 2018 256 GB\" src=\"https://cdn.tgdd.vn/Products/Images/44/197201/apple-macbook-air-mref2sa-a-i5-8gb-256gb-content-cauhinhtgdd.jpg\" style=\"border-style:initial; border-width:0px; height:auto; margin:10px auto\" /></a></p>\r\n\r\n<h3><strong>Pin d&ugrave;ng được cả ng&agrave;y</strong></h3>\r\n\r\n<p>Thời lượng pin tr&ecirc;n Macbook Air 2018 l&ecirc;n đến<strong>&nbsp;12 giờ</strong>&nbsp;trong điều kiện sử dụng b&igrave;nh thường. 7 đến 8 giờ khi sử dụng hỗn hợp c&aacute;c t&aacute;c vụ Chrome, Photoshop, ứng dụng văn ph&ograve;ng&hellip; Thoải m&aacute;i cho một ng&agrave;y l&agrave;m việc.</p>\r\n\r\n<h3><a href=\"https://www.thegioididong.com/images/44/197201/apple-macbook-air-mref2sa-a-i5-8gb-256gb-0-org-1.jpg\"><img alt=\"Thoải mái cho một ngày làm việc cùng Macbook Air 2018 \" src=\"https://cdn.tgdd.vn/Products/Images/44/197201/apple-macbook-air-mref2sa-a-i5-8gb-256gb-0-org-1.jpg\" style=\"border-style:initial; border-width:0px; height:auto; margin:10px auto\" /></a></h3>\r\n\r\n<h3><strong>Cảm biến v&acirc;n tay, bảo mật cao</strong></h3>\r\n\r\n<p>D&ograve;ng Macbook Air 2018 được cải biến với cảm biến v&acirc;n tay&nbsp;<strong>Touch ID</strong>&nbsp;t&iacute;ch hợp thẳng v&agrave;o n&uacute;t nguồn. Chip bảo mật ri&ecirc;ng&nbsp;<strong>Apple T2&nbsp;</strong>nhận dạng ch&iacute;nh x&aacute;c v&agrave; gi&uacute;p mở kh&oacute;a nhanh ch&oacute;ng.</p>\r\n\r\n<p><a href=\"https://www.thegioididong.com/images/44/197201/apple-macbook-air-mref2sa-a-i5-8gb-256gb-content-vantaytgdd.jpg\"><img alt=\"Cảm biến vân tay trên nút nguồn Macbook Air 2018 256 GB\" src=\"https://cdn.tgdd.vn/Products/Images/44/197201/apple-macbook-air-mref2sa-a-i5-8gb-256gb-content-vantaytgdd.jpg\" style=\"border-style:initial; border-width:0px; height:auto; margin:10px auto\" /></a></p>\r\n\r\n<h3><strong>T&iacute;ch hợp nhiều t&iacute;nh năng cao cấp từ Macbook Pro</strong></h3>\r\n\r\n<p>Loa &acirc;m thanh nổi cung cấp &acirc;m trầm gấp đ&ocirc;i v&agrave; &acirc;m lượng lớn hơn 25 phần trăm so với thế hệ trước. &Acirc;m thanh nổi rộng sống động cho bạn đắm m&igrave;nh v&agrave;o c&aacute;c b&agrave;i h&aacute;t, bộ phim,...</p>\r\n', '<p><strong><span class=\"marker\">Giảm ngay 1 triệu (đ&atilde; trừ v&agrave;o gi&aacute;)</span></strong></p>\r\n\r\n<p>Giảm ngay 2 triệu tại 26 Trung t&acirc;m Laptop Khai Trương (từ 06/09 - 12/09, &aacute;p dụng k&egrave;m đổi điểm thi - kh&ocirc;ng k&egrave;m khuyến m&atilde;i kh&aacute;c)&nbsp;</p>\r\n\r\n<p>Mua k&egrave;m Office 365 Personal ưu đ&atilde;i giảm 600.000đ</p>\r\n\r\n<p>Tặng suất mua Đồng hồ thời trang giảm ngay 40%, mắt k&iacute;nh giảm ngay 20% (HSD: 7 ng&agrave;y từ ng&agrave;y mua h&agrave;ng, kh&ocirc;ng &aacute;p dụng KM kh&aacute;c).&nbsp;</p>\r\n\r\n<p>Mua Loa k&eacute;o với gi&aacute; giảm 15% (Loa mua k&egrave;m kh&ocirc;ng &aacute;p dụng khuyến m&atilde;i kh&aacute;c)</p>\r\n', 'apple-macbook-air-mref2sa-a-i5-8gb-256gb-content-manhinhdmx-1-1-600x600.jpg', '107.PNG', '108.PNG', '109.PNG', '110.PNG', '111.PNG', '112.PNG', '12/09/2019', '13/09/2019', 6, 7, 'Còn hàng', '2 năm'),
(94, 'Asus Gaming FX505GE i5 8300H/8GB', 25490000, 0, '<h2><strong>Thiết kế ấn tượng</strong></h2>\r\n\r\n<p>Với lớp vỏ kim loại m&agrave;u đen kết hợp c&ugrave;ng những đường phay xước 3D, c&aacute;c đường n&eacute;t g&oacute;c cạnh tạo n&ecirc;n một chiếc m&aacute;y hầm hố v&agrave; mạnh mẽ.</p>\r\n\r\n<p><a href=\"https://www.thegioididong.com/images/44/201800/asus-fx505ge-bq056t-1.gif\"><img alt=\"Laptop Gaming Asus TUF FX505GE thiết kế\" src=\"https://cdn.tgdd.vn/Products/Images/44/201800/asus-fx505ge-bq056t-1.gif\" style=\"border-style:initial; border-width:0px; height:auto; margin:10px auto\" /></a></p>\r\n\r\n<h2><strong>Cấu h&igrave;nh mạnh mẽ</strong></h2>\r\n\r\n<p>Vận h&agrave;nh bởi&nbsp;<strong>Chip&nbsp;Core i5</strong>&nbsp;thế hệ 8, kết hợp c&ugrave;ng dung lượng<strong>&nbsp;RAM 8 GB</strong>&nbsp;v&agrave;&nbsp;Card đồ họa rời&nbsp;<strong>GTX 1050Ti 4 GB</strong>&nbsp;mang đến khả năng chiến game lẫn xử l&yacute; đồ hoạ 3D kh&aacute; thoải m&aacute;i v&agrave; mạnh mẽ. Cấu h&igrave;nh n&agrave;y gi&uacute;p m&aacute;y xử l&yacute; tốt đồ họa, xử l&iacute; video bằng After Effect, Premiere, chơi được một số game cấu h&igrave;nh cao như&nbsp;PUPG, Far cry 5, the witcher 3,...&nbsp;</p>\r\n\r\n<p>Ngo&agrave;i ra, m&aacute;y c&ograve;n trang bị&nbsp;<a href=\"https://www.thegioididong.com/laptop?f=o-cung-ssd\" target=\"_blank\">ổ cứng SSD</a>&nbsp;<strong>128 GB</strong>&nbsp;để tốc độ mở m&aacute;y ( khoảng 10-15 gi&acirc;y) v&agrave; tốc độ v&agrave;o game nhanh hơn, chỉ khoảng 3-5 gi&acirc;y.</p>\r\n\r\n<p><a href=\"https://www.thegioididong.com/images/44/201801/asus-fx505ge-bq049t-20.jpg\"><img alt=\"Cấu hình Asus Gaming FX505GE\" src=\"https://cdn.tgdd.vn/Products/Images/44/201801/asus-fx505ge-bq049t-20.jpg\" style=\"border-style:initial; border-width:0px; height:auto; margin:10px auto\" /></a></p>\r\n\r\n<h2><strong>M&agrave;n h&igrave;nh Full HD với g&oacute;c nh&igrave;n si&ecirc;u rộng</strong></h2>\r\n\r\n<p>Laptop&nbsp;c&oacute; thiết kế m&agrave;n h&igrave;nh 15.6 inch<strong>&nbsp;NanoEdge</strong>&nbsp;mới với viền mỏng chỉ&nbsp;<strong>6.5 mm</strong>, cho khung h&igrave;nh rộng hơn. Đ&ocirc;̣ phủ m&agrave;u sRGB đạt 100% cho h&igrave;nh ảnh sống động, m&agrave;u sắc tươi s&aacute;ng nhất. Tấm nền IPS cho g&oacute;c nh&igrave;n si&ecirc;u rộng đến 178 độ.</p>\r\n\r\n<p><a href=\"https://www.thegioididong.com/images/44/201801/asus-fx505ge-bq049t-21.jpg\"><img alt=\"Màn hình Asus Gaming FX505GE\" src=\"https://cdn.tgdd.vn/Products/Images/44/201801/asus-fx505ge-bq049t-21.jpg\" style=\"border-style:initial; border-width:0px; height:auto; margin:10px auto\" /></a></p>\r\n\r\n<h2><strong>&Acirc;m thanh to r&otilde;, sắc b&eacute;n</strong></h2>\r\n\r\n<p>C&ocirc;ng nghệ &acirc;m thanh&nbsp;<strong>Realtek High Definition Audio&nbsp;</strong>mang lại &acirc;m thanh to r&otilde;, cho trải nghiệm chơi game ch&acirc;n thật như đang nhập vai v&agrave;o nh&acirc;n vật trong game của m&igrave;nh.</p>\r\n\r\n<p><a href=\"https://www.thegioididong.com/images/44/201801/asus-fx505ge-bq049t-4.jpg\"><img alt=\"Laptop Gaming Asus TUF FX505GE âm thanh\" src=\"https://cdn.tgdd.vn/Products/Images/44/201801/asus-fx505ge-bq049t-4.jpg\" style=\"border-style:initial; border-width:0px; height:auto; margin:10px auto\" /></a></p>\r\n\r\n<h2><strong>B&agrave;n ph&iacute;m c&oacute; độ nảy tốt</strong></h2>\r\n\r\n<p>Laptop Gaming ASUS TUF FX505GE sở hữu h&agrave;nh tr&igrave;nh ph&iacute;m 1.8 mm với 20 triệu lần nhấn, gi&uacute;p bạn c&oacute; thể l&agrave;m việc v&agrave; chơi game tốt hơn.</p>\r\n\r\n<p><a href=\"https://www.thegioididong.com/images/44/201801/asus-fx505ge-bq049t-2.gif\"><img alt=\"Laptop Gaming Asus TUF FX505GE màn hình\" src=\"https://cdn.tgdd.vn/Products/Images/44/201801/asus-fx505ge-bq049t-2.gif\" style=\"border-style:initial; border-width:0px; height:auto; margin:10px auto\" /></a></p>\r\n\r\n<h2><strong>Độ bền đạt chuẩn qu&acirc;n đội Mỹ</strong></h2>\r\n\r\n<p>Đối với một chiếc laptop Gaming, độ bền l&agrave; một yếu tốc cực k&igrave; quan trọng. Chiếc laptop&nbsp;ASUS TUF&nbsp;FX505GE n&agrave;y đ&atilde; vượt qua h&agrave;ng loạt c&aacute;c thử nghiệm nghi&ecirc;m ngặt về độ bền, chiếc m&aacute;y c&oacute; thể chịu được những va chạm v&agrave; thao t&aacute;c mạnh khi chơi game.</p>\r\n', '<p>Giảm ngay 10% tại 26 Trung t&acirc;m Laptop Khai Trương (từ 06/09 - 12/09, &aacute;p dụng k&egrave;m đổi điểm thi - kh&ocirc;ng k&egrave;m khuyến m&atilde;i kh&aacute;c)&nbsp;</p>\r\n\r\n<p>Cơ hội tr&uacute;ng 450 suất học bổng trị gi&aacute; 4.5 tỷ đồng (&aacute;p dụng từ 01/08 - 31/10)&nbsp;</p>\r\n\r\n<p>Mua k&egrave;m Office 365 Personal ưu đ&atilde;i giảm 600.000đ</p>\r\n\r\n<p>Tặng suất mua Đồng hồ thời trang giảm ngay 40%, mắt k&iacute;nh giảm ngay 20% (HSD: 7 ng&agrave;y từ ng&agrave;y mua h&agrave;ng, kh&ocirc;ng &aacute;p dụng KM kh&aacute;c).</p>\r\n\r\n<p>Mua Loa k&eacute;o với gi&aacute; giảm 15% (Loa mua k&egrave;m kh&ocirc;ng &aacute;p dụng khuyến m&atilde;i kh&aacute;c)&nbsp;</p>\r\n\r\n<p><span class=\"marker\">* Kh&ocirc;ng &aacute;p dụng khi mua trả g&oacute;p 0%</span></p>\r\n', 'asus-fx505ge-bq049t2-600x600.jpg', '113.PNG', '114.PNG', '115.PNG', '116.PNG', '117.PNG', '118.PNG', '12/09/2019', '12/09/2019', 5, 3, 'Còn hàng', '2 năm'),
(95, 'Loa Bluetooth iCutes MB-M916 Cú Đen', 400000, 0, '<h2>Loa Bluetooth iCutes MB-M916 C&uacute; Đen&nbsp;nhỏ gọn, tiện lợi mang theo</h2>\r\n\r\n<h2><strong>Kiểu d&aacute;ng của loa gọn g&agrave;ng, vỏ cao su hạn chế trầy xước khi bỏ v&agrave;o ba l&ocirc; mang đi</strong></h2>\r\n\r\n<p><a href=\"https://www.thegioididong.com/images/382/197860/loa-bluetooth-icutes-mb-m916-cu-den-1-1.jpg\"><img alt=\"Kích thước của Loa Bluetooth iCutes MB-M916 Cú Đen\" src=\"https://cdn.tgdd.vn/Products/Images/382/197860/loa-bluetooth-icutes-mb-m916-cu-den-1-1.jpg\" style=\"border-style:initial; border-width:0px; height:auto; margin:10px auto\" /></a></p>\r\n\r\n<h2><strong>&Acirc;m thanh ph&aacute;t ra to v&agrave; &iacute;t bị vỡ tiếng khi &acirc;m lớn hết cỡ</strong></h2>\r\n\r\n<p><a href=\"https://www.thegioididong.com/images/382/197860/loa-bluetooth-icutes-mb-m916-cu-den-4-1.jpg\"><img alt=\"âm thanh của Loa Bluetooth iCutes MB-M916 Cú Đen\" src=\"https://cdn.tgdd.vn/Products/Images/382/197860/loa-bluetooth-icutes-mb-m916-cu-den-4-1.jpg\" style=\"border-style:initial; border-width:0px; height:auto; margin:10px auto\" /></a></p>\r\n\r\n<h2><strong>Khả năng tương th&iacute;ch v&agrave; thời gian sử dụng</strong></h2>\r\n\r\n<p>Tương th&iacute;ch với c&aacute;c thiết bị ph&aacute;t/nhận bluetooth như&nbsp;điện thoại,&nbsp;m&aacute;y t&iacute;nh bảng,&nbsp;laptop...</p>\r\n\r\n<p>&nbsp;</p>\r\n\r\n<p><a href=\"https://www.thegioididong.com/images/382/197860/loa-bluetooth-icutes-mb-m916-cu-den-2-1.jpg\"><img alt=\"khả năng tương thích của Loa Bluetooth iCutes MB-M916 Cú Đen\" src=\"https://cdn.tgdd.vn/Products/Images/382/197860/loa-bluetooth-icutes-mb-m916-cu-den-2-1.jpg\" style=\"border-style:initial; border-width:0px; height:auto; margin:10px auto\" /></a></p>\r\n\r\n<p><a href=\"https://www.thegioididong.com/images/382/197860/loa-bluetooth-icutes-mb-m916-cu-den-nghenhac.jpg\"><img alt=\"Loa Bluetooth iCutes MB-M916 Cú Đen cho khả năng nghe nhạc lên đến 3 giờ\" src=\"https://cdn.tgdd.vn/Products/Images/382/197860/loa-bluetooth-icutes-mb-m916-cu-den-nghenhac.jpg\" style=\"border-style:initial; border-width:0px; height:auto; margin:10px auto\" /></a></p>\r\n\r\n<h2><strong>C&aacute;c n&uacute;t ấn v&agrave; jack cắm tr&ecirc;n loa</strong></h2>\r\n\r\n<p><a href=\"https://www.thegioididong.com/images/382/197860/loa-bluetooth-icutes-mb-m916-cu-den-3-1.jpg\"><img alt=\"các nút bấm trên Loa Bluetooth iCutes MB-M916 Cú Đen\" src=\"https://cdn.tgdd.vn/Products/Images/382/197860/loa-bluetooth-icutes-mb-m916-cu-den-3-1.jpg\" style=\"border-style:initial; border-width:0px; height:auto; margin:10px auto\" /></a></p>\r\n', '<ul>\r\n	<li>T&iacute;nh năng kết nối Bluetooth tương th&iacute;ch với hầu hết c&aacute;c thiết bị hỗ trợ Bluetooth.</li>\r\n	<li>Chip giải m&atilde; &acirc;m thanh chất lượng cao với t&iacute;nh năng TWS, &acirc;m thanh ho&agrave;n hảo.</li>\r\n	<li>C&oacute; t&iacute;ch hợp t&iacute;nh năng nghe nhận cuộc gọi.</li>\r\n	<li>Dung lượng pin 400mAh, thời gian nghe nhạc khoảng 3 tiếng, thời gian sạc khoảng 2 tiếng.</li>\r\n</ul>\r\n', 'loa-bluetooth-icutes-mb-m916-cu-den-add-600x600-1-600x600.jpg', '119.PNG', '120.PNG', '121.PNG', '122.PNG', '123.PNG', '119.PNG', '12/09/2019', '', 0, 11, 'Còn hàng', '1 năm'),
(96, 'Lenovo IdeaPad L340 15IRH i7 /8GB', 21990000, 0, '<h3><strong>Cấu h&igrave;nh mạnh, chiến game khủng</strong></h3>\r\n\r\n<p>Laptop Lenovo&nbsp;IdeaPad L340 15IRH i7 (81LK00FBVN) sở hữu CPU&nbsp;Core i7&nbsp;thế hệ thứ 9,&nbsp;RAM 8 GB&nbsp;đa nhiệm mượt m&agrave; đem lại hiệu năng mạnh mẽ,&nbsp;<strong>chiến c&aacute;c game nặng như: Fornite, Far Cry 5, PUBG,... với mức setting trung b&igrave;nh đến cao.</strong></p>\r\n\r\n<p><a href=\"https://www.thegioididong.com/images/44/210511/lenovo-ideapad-l340-15irh-i7-9750h-8gb-1tb-3gb-gtx1.jpg\"><img alt=\"Cấu hình Lenovo IdeaPad L340 15IRH \" src=\"https://cdn.tgdd.vn/Products/Images/44/210511/lenovo-ideapad-l340-15irh-i7-9750h-8gb-1tb-3gb-gtx1.jpg\" style=\"border-style:initial; border-width:0px; height:auto; margin:10px auto\" /></a></p>\r\n\r\n<h3><strong>Mọi chuyển động được t&aacute;i hiện mượt m&agrave;</strong></h3>\r\n\r\n<p>Laptop trang bị&nbsp;card đồ họa<strong>&nbsp;</strong>NVIDIA GeForce GTX 1050 3GB&nbsp;cho khả năng t&aacute;i hiện h&igrave;nh ảnh mượt m&agrave;, kh&ocirc;ng giật lag. B&ecirc;n cạnh chơi game khủng, card đồ họa n&agrave;y c&ograve;n gi&uacute;p bạn&nbsp;<strong>thiết kế đồ họa chuy&ecirc;n nghiệp với Sketchup, AutoCAD hay Photoshop 3D...</strong></p>\r\n\r\n<p><a href=\"https://www.thegioididong.com/images/44/210511/lenovo-ideapad-l340-15irh-i7-9750h-8gb-1tb-3gb-gtx2.jpg\"><img alt=\"Card màn hình Lenovo IdeaPad L340 15IRH \" src=\"https://cdn.tgdd.vn/Products/Images/44/210511/lenovo-ideapad-l340-15irh-i7-9750h-8gb-1tb-3gb-gtx2.jpg\" style=\"border-style:initial; border-width:0px; height:auto; margin:10px auto\" /></a></p>\r\n\r\n<h3><strong>Thiết kế gọn g&agrave;ng, c&aacute;c dải m&agrave;u xanh nổi bật</strong></h3>\r\n\r\n<p>Được l&agrave;m từ chất liệu nhựa, d&agrave;y&nbsp;<strong>11.9 mm&nbsp;</strong>v&agrave; nặng&nbsp;<strong>2.14 kg</strong>, laptop&nbsp;Lenovo IdeaPad&nbsp;L340 15IRH sở hữu vẻ ngo&agrave;i tối giản v&agrave; hơi &quot;hiền&quot; so với hầu hết c&aacute;c laptop gaming tr&ecirc;n thị trường. Điểm nhấn tr&ecirc;n thiết kế nằm ở c&aacute;c dải m&agrave;u xanh nổi bật tr&ecirc;n th&acirc;n m&aacute;y v&agrave; b&agrave;n ph&iacute;m.</p>\r\n\r\n<p><a href=\"https://www.thegioididong.com/images/44/210511/lenovo-ideapad-l340-15irh-i7-9750h-8gb-1tb-3gb-gtx6.jpg\"><img alt=\"Thiết kế Lenovo IdeaPad L340 15IRH \" src=\"https://cdn.tgdd.vn/Products/Images/44/210511/lenovo-ideapad-l340-15irh-i7-9750h-8gb-1tb-3gb-gtx6.jpg\" style=\"border-style:initial; border-width:0px; height:auto; margin:10px auto\" /></a></p>\r\n\r\n<h3><strong>M&agrave;n h&igrave;nh 15.6 inch Full HD - giải tr&iacute; cực đ&atilde;</strong></h3>\r\n\r\n<p>M&agrave;n h&igrave;nh&nbsp;laptop&nbsp;<strong>15.6 inch&nbsp;Full HD</strong>&nbsp;với c&ocirc;ng nghệ&nbsp;<strong>Anti-Glare</strong>&nbsp;sẽ đem đến cho bạn kh&ocirc;ng gian giải tr&iacute; rộng r&atilde;i với h&igrave;nh ảnh c&oacute; độ n&eacute;t cao, m&agrave;u sắc ch&acirc;n thật.</p>\r\n\r\n<p><a href=\"https://www.thegioididong.com/images/44/210511/lenovo-ideapad-l340-15irh-i7-9750h-8gb-1tb-3gb-gtx5.jpg\"><img alt=\"Màn hình Lenovo IdeaPad L340 15IRH \" src=\"https://cdn.tgdd.vn/Products/Images/44/210511/lenovo-ideapad-l340-15irh-i7-9750h-8gb-1tb-3gb-gtx5.jpg\" style=\"border-style:initial; border-width:0px; height:auto; margin:10px auto\" /></a></p>\r\n\r\n<h3><strong>Dung lượng lưu trữ rộng&nbsp;</strong></h3>\r\n\r\n<p>Ngo&agrave;i ra, laptop c&ograve;n trang bị<strong>&nbsp;ổ cứng HDD 1 TB</strong>&nbsp;gi&uacute;p người d&ugrave;ng thoải m&aacute;i lưu trữ t&agrave;i liệu, c&aacute;c bộ phim Full HD hay h&agrave;ng trăm tựa game. M&aacute;y cũng hỗ trợ khe cắm SSD M.2 PCIe cho người d&ugrave;ng thuận tiện n&acirc;ng cấp ổ cứng.</p>\r\n\r\n<p><a href=\"https://www.thegioididong.com/images/44/210511/lenovo-ideapad-l340-15irh-i7-9750h-8gb-1tb-3gb-gtx3.jpg\"><img alt=\"Ổ cứng Lenovo IdeaPad L340 15IRH \" src=\"https://cdn.tgdd.vn/Products/Images/44/210511/lenovo-ideapad-l340-15irh-i7-9750h-8gb-1tb-3gb-gtx3.jpg\" style=\"border-style:initial; border-width:0px; height:auto; margin:10px auto\" /></a></p>\r\n\r\n<h3><strong>B&agrave;n ph&iacute;m đ&egrave;n nền xanh độc đ&aacute;o</strong></h3>\r\n\r\n<p>G&otilde; ph&iacute;m nhanh v&agrave; chuẩn x&aacute;c hơn với b&agrave;n ph&iacute;m to, r&otilde;, c&oacute; h&agrave;ng ph&iacute;m số ri&ecirc;ng biệt. B&ecirc;n cạnh đ&oacute;, thiết kế đ&egrave;n b&agrave;n ph&iacute;m nền xanh độc đ&aacute;o v&agrave; ấn tượng hơn cho c&aacute;c game thủ.</p>\r\n\r\n<p><a href=\"https://www.thegioididong.com/images/44/210511/lenovo-ideapad-l340-15irh-i7-9750h-8gb-1tb-3gb-gtx7.jpg\"><img alt=\"Đèn nền Lenovo IdeaPad L340 15IRH \" src=\"https://cdn.tgdd.vn/Products/Images/44/210511/lenovo-ideapad-l340-15irh-i7-9750h-8gb-1tb-3gb-gtx7.jpg\" style=\"border-style:initial; border-width:0px; height:auto; margin:10px auto\" /></a></p>\r\n', '<p><strong>KHUYẾN M&Atilde;I</strong></p>\r\n\r\n<p>Cơ hội tr&uacute;ng 450 suất học bổng trị gi&aacute; 4.5 tỷ đồng (&aacute;p dụng từ 01/08 - 31/10)&nbsp;</p>\r\n\r\n<p>Mua k&egrave;m Office 365 Personal ưu đ&atilde;i giảm 600.000đ</p>\r\n\r\n<p>Mua Loa k&eacute;o với gi&aacute; giảm 15% (Loa mua k&egrave;m kh&ocirc;ng &aacute;p dụng khuyến m&atilde;i kh&aacute;c)&nbsp;</p>\r\n', 'lenovo-ideapad-l340-15irh-i7-9750h-8gb-1tb-3gb-gtx-17-600x600.jpg', '124.PNG', '125.PNG', '126.PNG', '127.PNG', '128.PNG', '129.PNG', '20/09/2019', '', 3, 3, 'Còn hàng', '2 năm'),
(97, 'Acer Swift 3 SF314 56 50AZ i5 /8GB', 18790000, 0, '<h2><strong>Acer Swift 3 SF314&nbsp;l&agrave; chiếc&nbsp;laptop cho sinh vi&ecirc;n&nbsp;cấu h&igrave;nh mạnh từ Acer đ&aacute;p ứng to&agrave;n diện mọi nhu cầu văn ph&ograve;ng v&agrave; thiết kế đồ họa cơ bản.&nbsp;Acer Swift&nbsp;3 mang thiết kế sang trọng v&agrave; bảo mật bằng v&acirc;n tay gi&uacute;p đăng nhập nhanh ch&oacute;ng v&agrave; bảo mật tối ưu</strong></h2>\r\n\r\n<p>Với Chip Intel&nbsp;<strong>Core i5</strong>&nbsp;thế hệ 8 mang lại hiệu năng mạnh mẽ m&agrave; c&ograve;n tiết kiệm điện, đ&aacute;p ứng hết mọi nhu cầu văn ph&ograve;ng v&agrave; giải tr&iacute; thường ng&agrave;y hay thiết kế đồ họa chuy&ecirc;n nghiệp.&nbsp;<strong>RAM 8 GB</strong>&nbsp;đa nhiệm mượt để m&aacute;y chạy được</p>\r\n\r\n<p>gần 20 tab Chrome v&agrave; nhiều ứng dụng c&ugrave;ng l&uacute;c.<a href=\"https://www.thegioididong.com/images/44/208864/acer-swift-3-sf314-56-50az-i5-8265u-8gb-256gb-14f2222.jpg\"><img alt=\"Cấu hình Acer Swift 3 SF314 \" src=\"https://cdn.tgdd.vn/Products/Images/44/208864/acer-swift-3-sf314-56-50az-i5-8265u-8gb-256gb-14f2222.jpg\" style=\"border-style:initial; border-width:0px; height:auto; margin:10px auto\" /></a></p>\r\n\r\n<p>&nbsp;M&aacute;y t&iacute;nh&nbsp;khởi động si&ecirc;u nhanh chưa tới 15 gi&acirc;y, kh&ocirc;ng gian lưu trữ đủ d&ugrave;ng nhờ&nbsp;<strong>ổ cứng SSD</strong>&nbsp;dung lượng&nbsp;<strong>256 GB.</strong></p>\r\n\r\n<p><a href=\"https://www.thegioididong.com/images/44/208864/acer-swift-3-sf314-56-50az-i5-8265u-8gb-256gb-14f5.jpg\"><img alt=\"SSD Acer Swift 3 SF314 \" src=\"https://cdn.tgdd.vn/Products/Images/44/208864/acer-swift-3-sf314-56-50az-i5-8265u-8gb-256gb-14f5.jpg\" style=\"border-style:initial; border-width:0px; height:auto; margin:10px auto\" /></a></p>\r\n\r\n<p>Thiết kế sang trọng, mỏng&nbsp;<strong>17.95 mm&nbsp;</strong>v&agrave; kh&aacute; nhẹ&nbsp;<strong>1.5 kg</strong>,&nbsp;laptop Acer&nbsp;sẵn s&agrave;ng đồng h&agrave;nh c&ugrave;ng bạn mỗi ng&agrave;y.</p>\r\n\r\n<p><a href=\"https://www.thegioididong.com/images/44/208864/acer-swift-3-sf314-56-50az-i5-8265u-8gb-256gb-14f9.jpg\"><img alt=\"Thiết kế Acer Swift 3 SF314 \" src=\"https://cdn.tgdd.vn/Products/Images/44/208864/acer-swift-3-sf314-56-50az-i5-8265u-8gb-256gb-14f9.jpg\" style=\"border-style:initial; border-width:0px; height:auto; margin:10px auto\" /></a></p>\r\n\r\n<p>M&agrave;n h&igrave;nh&nbsp;laptop 14 inch&nbsp;độ ph&acirc;n giải<strong>&nbsp;Full HD</strong>, tấm nền IPS hiển thị mọi h&igrave;nh ảnh mượt m&agrave; v&agrave; sống động, m&agrave;u sắc tươi s&aacute;ng bắt mắt. C&ocirc;ng nghệ chống ch&oacute;i kết hợp&nbsp;<strong>viền si&ecirc;u mỏng&nbsp;</strong>mở rộng kh&ocirc;ng gian hiển thị cũng như&nbsp;hỗ trợ việc sử dụng laptop ngo&agrave;i trời dễ d&agrave;ng hơn.</p>\r\n\r\n<p><a href=\"https://www.thegioididong.com/images/44/208864/acer-swift-3-sf314-56-50az-i5-8265u-8gb-256gb-14f4.jpg\"><img alt=\"Màn hình Acer Swift 3 SF314 \" src=\"https://cdn.tgdd.vn/Products/Images/44/208864/acer-swift-3-sf314-56-50az-i5-8265u-8gb-256gb-14f4.jpg\" style=\"border-style:initial; border-width:0px; height:auto; margin:10px auto\" /></a></p>\r\n\r\n<p>Đ&egrave;n nền b&agrave;n ph&iacute;m hỗ trợ đ&aacute;nh m&aacute;y ban đ&ecirc;m thuận tiện hơn mặc d&ugrave; bạn kh&ocirc;ng thuộc mặt ph&iacute;m.</p>\r\n\r\n<p>Đăng nhập v&agrave;o m&aacute;y t&iacute;nh chỉ bằng một c&aacute;i chạm nhẹ, vừa nhanh ch&oacute;ng lại đảm bảo độ bảo mật cao.</p>\r\n\r\n<p><a href=\"https://www.thegioididong.com/images/44/208864/acer-swift-3-sf314-56-50az-i5-8265u-8gb-256gb-14f7.jpg\"><img alt=\"Bảo mật Acer Swift 3 SF314 \" src=\"https://cdn.tgdd.vn/Products/Images/44/208864/acer-swift-3-sf314-56-50az-i5-8265u-8gb-256gb-14f7.jpg\" style=\"border-style:initial; border-width:0px; height:auto; margin:10px auto\" /></a></p>\r\n\r\n<p>Thời lượng pin 11 giờ của Swift 3 l&agrave; qu&aacute; dư giả để bạn sử dụng m&aacute;y suốt cả ng&agrave;y l&agrave;m việc hoặc học tập.</p>\r\n\r\n<p>Kết nối nhanh ch&oacute;ng v&agrave; đa dạng với hầu hết c&aacute;c thiết bị ngoại vi bằng c&aacute;c cổng kết nối th&ocirc;ng dụng như&nbsp;<strong>Type-C, HDMI, SD</strong>,...</p>\r\n\r\n<p><a href=\"https://www.thegioididong.com/images/44/208864/acer-swift-3-sf314-56-50az-i5-8265u-8gb-256gb-14f10.jpg\"><img alt=\"Cổng Acer Swift 3 SF314 \" src=\"https://cdn.tgdd.vn/Products/Images/44/208864/acer-swift-3-sf314-56-50az-i5-8265u-8gb-256gb-14f10.jpg\" style=\"border-style:initial; border-width:0px; height:auto; margin:10px auto\" /></a></p>\r\n', '<p><strong>KHUYẾN M&Atilde;I</strong></p>\r\n\r\n<p>Tặng chuột kh&ocirc;ng d&acirc;y v&agrave; tai nghe chụp tai Kanen IP 350</p>\r\n\r\n<p>Cơ hội tr&uacute;ng 450 suất học bổng trị gi&aacute; 4.5 tỷ đồng (&aacute;p dụng từ 01/08 - 31/10)&nbsp;</p>\r\n\r\n<p>Mua k&egrave;m Office 365 Personal ưu đ&atilde;i giảm 600.000đ</p>\r\n\r\n<p>Mua Loa k&eacute;o với gi&aacute; giảm 15% (Loa mua k&egrave;m kh&ocirc;ng &aacute;p dụng khuyến m&atilde;i kh&aacute;c)&nbsp;</p>\r\n', 'acer-swift-3-sf314-56-50az-i5-8265u-8gb-256gb-14f-1-600x600.jpg', '130.PNG', '131.PNG', '132.PNG', '133.PNG', '134.PNG', '135.PNG', '22/09/2019', '', 2, 7, 'Còn hàng', '2 năm'),
(98, 'HP 15 da0048TU N5000/4GB', 7690000, 0, '<h3 style=\"margin: 30px 0px 0px; padding: 0px; font-variant-numeric: normal; font-variant-east-asian: normal; font-weight: bold; font-stretch: normal; font-size: 20px; line-height: 1.3em; font-family: Helvetica, Arial, \"DejaVu Sans\", \"Liberation Sans\", Freesans, sans-serif; color: rgb(51, 51, 51); zoom: 1; overflow: hidden;\">Thiết kế mặt lưng bóng bẩy sang trọng</h3><h3><p style=\"margin: 10px 0px; padding: 0px; margin-block-start: 0px; margin-block-end: 0px; text-rendering: geometricprecision; color: rgb(51, 51, 51); font-family: Helvetica, Arial, \"DejaVu Sans\", \"Liberation Sans\", Freesans, sans-serif; font-size: 16px;\">Xiaomi Redmi 8 có vẻ bề ngoài nổi bật nhờ màn hình tràn cạnh tỷ lệ 18:9 với phần viền được làm mỏng theo xu thế hiện đại.</p><p style=\"margin: 10px 0px; padding: 0px; margin-block-start: 0px; margin-block-end: 0px; text-rendering: geometricprecision; color: rgb(51, 51, 51); font-family: Helvetica, Arial, \"DejaVu Sans\", \"Liberation Sans\", Freesans, sans-serif; font-size: 16px; text-align: center;\"><a class=\"preventdefault\" href=\"https://www.thegioididong.com/images/42/209796/xiaomi-redmi-8-tgdd8.jpg\" style=\"margin: 0px; padding: 0px; color: rgb(80, 168, 227);\"><img alt=\"Điện thoại Xiaomi Redmi 8 32GB | Thiết kế\" data-original=\"https://cdn.tgdd.vn/Products/Images/42/209796/xiaomi-redmi-8-tgdd8.jpg\" class=\"lazy\" title=\"Điện thoại Xiaomi Redmi 8 32GB | Thiết kế\" src=\"https://cdn.tgdd.vn/Products/Images/42/209796/xiaomi-redmi-8-tgdd8.jpg\" style=\"margin: 10px auto; padding: 0px; display: block; max-width: 100%; height: auto; max-height: 584px;\"></a></p><p style=\"margin: 10px 0px; padding: 0px; margin-block-start: 0px; margin-block-end: 0px; text-rendering: geometricprecision; color: rgb(51, 51, 51); font-family: Helvetica, Arial, \"DejaVu Sans\", \"Liberation Sans\", Freesans, sans-serif; font-size: 16px;\">Màn hình máy thể hiện màu sắc khá chính xác, đáp ứng tốt nhu cầu xem phim hay trải nghiệm giải trí về hình ảnh của người dùng.</p><p style=\"margin: 10px 0px; padding: 0px; margin-block-start: 0px; margin-block-end: 0px; text-rendering: geometricprecision; color: rgb(51, 51, 51); font-family: Helvetica, Arial, \"DejaVu Sans\", \"Liberation Sans\", Freesans, sans-serif; font-size: 16px;\"><a class=\"preventdefault\" href=\"https://www.thegioididong.com/images/42/209796/xiaomi-redmi-8-tgdd6.jpg\" style=\"margin: 0px; padding: 0px; color: rgb(80, 168, 227);\"><img alt=\"Điện thoại Xiaomi Redmi 8 32GB | Màn hình\" data-original=\"https://cdn.tgdd.vn/Products/Images/42/209796/xiaomi-redmi-8-tgdd6.jpg\" class=\"lazy\" title=\"Điện thoại Xiaomi Redmi 8 32GB | Màn hình\" src=\"https://cdn.tgdd.vn/Products/Images/42/209796/xiaomi-redmi-8-tgdd6.jpg\" style=\"margin: 10px auto; padding: 0px; display: block; max-width: 100%; height: auto; max-height: 584px;\"></a></p><p style=\"margin: 10px 0px; padding: 0px; margin-block-start: 0px; margin-block-end: 0px; text-rendering: geometricprecision; color: rgb(51, 51, 51); font-family: Helvetica, Arial, \"DejaVu Sans\", \"Liberation Sans\", Freesans, sans-serif; font-size: 16px;\">Tấm nền này còn được bảo vệ bằng kính cường lực Corning Gorilla Glass 5, cộng thêm lớp phủ nano chống thấm nước được bo cong mềm mại ở 2 cạnh bên, giúp máy toát ra vẻ đẹp sang trọng cũng như cho cảm giác cầm nắm thoải mái dù kích thước màn hình của máy lên đến 6.22 inch.</p><p style=\"margin: 10px 0px; padding: 0px; margin-block-start: 0px; margin-block-end: 0px; text-rendering: geometricprecision; color: rgb(51, 51, 51); font-family: Helvetica, Arial, \"DejaVu Sans\", \"Liberation Sans\", Freesans, sans-serif; font-size: 16px; text-align: center;\"><a class=\"preventdefault\" href=\"https://www.thegioididong.com/images/42/209796/xiaomi-redmi-8-tgdd4.jpg\" style=\"margin: 0px; padding: 0px; color: rgb(80, 168, 227);\"><img alt=\"Điện thoại Xiaomi Redmi 8 32GB | Thiết kế\" data-original=\"https://cdn.tgdd.vn/Products/Images/42/209796/xiaomi-redmi-8-tgdd4.jpg\" class=\"lazy\" title=\"Điện thoại Xiaomi Redmi 8 32GB | Thiết kế\" src=\"https://cdn.tgdd.vn/Products/Images/42/209796/xiaomi-redmi-8-tgdd4.jpg\" style=\"margin: 10px auto; padding: 0px; display: block; max-width: 100%; height: auto; max-height: 584px;\"></a></p><p style=\"margin: 10px 0px; padding: 0px; margin-block-start: 0px; margin-block-end: 0px; text-rendering: geometricprecision; color: rgb(51, 51, 51); font-family: Helvetica, Arial, \"DejaVu Sans\", \"Liberation Sans\", Freesans, sans-serif; font-size: 16px;\">Mặt lưng của chiếc điện thoại này được làm bằng chất nhiệu nhựa giả kính trông khá bóng bẩy và không có hiệu ứng gradient đẹp mắt.</p></h3><h3 style=\"margin: 30px 0px 0px; padding: 0px; font-variant-numeric: normal; font-variant-east-asian: normal; font-weight: bold; font-stretch: normal; font-size: 20px; line-height: 1.3em; font-family: Helvetica, Arial, \"DejaVu Sans\", \"Liberation Sans\", Freesans, sans-serif; color: rgb(51, 51, 51); zoom: 1; overflow: hidden;\">Cấu hình \"quá OK\" với mức giá</h3><h3><p style=\"margin: 10px 0px; padding: 0px; margin-block-start: 0px; margin-block-end: 0px; text-rendering: geometricprecision; color: rgb(51, 51, 51); font-family: Helvetica, Arial, \"DejaVu Sans\", \"Liberation Sans\", Freesans, sans-serif; font-size: 16px;\">Tích hợp chip <a href=\"https://www.thegioididong.com/hoi-dap/tim-hieu-chip-qualcomm-snapdragon-439-1171979\" target=\"_blank\" title=\"Tìm hiểu chip Qualcomm Snapdragon 439 8 nhân 64-bit\" style=\"margin: 0px; padding: 0px; color: rgb(80, 168, 227);\">Qualcomm Snapdragon 439 8 nhân 64-bit</a>, RAM 3 GB và bộ nhớ trong 32 GB (có thể mở rộng thông qua thẻ nhớ microSD), Redmi 8 là chiếc smartphone có cấu hình ấn tượng trong phân khúc giá.</p><p style=\"margin: 10px 0px; padding: 0px; margin-block-start: 0px; margin-block-end: 0px; text-rendering: geometricprecision; color: rgb(51, 51, 51); font-family: Helvetica, Arial, \"DejaVu Sans\", \"Liberation Sans\", Freesans, sans-serif; font-size: 16px; text-align: center;\"><a class=\"preventdefault\" href=\"https://www.thegioididong.com/images/42/209796/xiaomi-redmi-8-tgdd2.jpg\" style=\"margin: 0px; padding: 0px; color: rgb(80, 168, 227);\"><img alt=\"Điện thoại Xiaomi Redmi 8 32GB | Cấu hình\" data-original=\"https://cdn.tgdd.vn/Products/Images/42/209796/xiaomi-redmi-8-tgdd2.jpg\" class=\"lazy\" title=\"Điện thoại Xiaomi Redmi 8 32GB | Cấu hình\" src=\"https://cdn.tgdd.vn/Products/Images/42/209796/xiaomi-redmi-8-tgdd2.jpg\" style=\"margin: 10px auto; padding: 0px; display: block; max-width: 100%; height: auto; max-height: 584px;\"></a></p><p style=\"margin: 10px 0px; padding: 0px; margin-block-start: 0px; margin-block-end: 0px; text-rendering: geometricprecision; color: rgb(51, 51, 51); font-family: Helvetica, Arial, \"DejaVu Sans\", \"Liberation Sans\", Freesans, sans-serif; font-size: 16px;\">Khi truy cập Facebook, Gmail, Whatsapp hay Twitter, điện thoại phản hồi tốt và có độ ổn định cao khi thực hiện các thao tác cuộn hay điều khiển đa nhiệm.</p><p style=\"margin: 10px 0px; padding: 0px; margin-block-start: 0px; margin-block-end: 0px; text-rendering: geometricprecision; color: rgb(51, 51, 51); font-family: Helvetica, Arial, \"DejaVu Sans\", \"Liberation Sans\", Freesans, sans-serif; font-size: 16px;\"><a class=\"preventdefault\" href=\"https://www.thegioididong.com/images/42/209796/xiaomi-redmi-8-tgdd-.jpg\" style=\"margin: 0px; padding: 0px; color: rgb(80, 168, 227);\"><img alt=\"Xiaomi Redmi 8 32GB | Điểm hiệu năng Antutu Benchmark\" data-original=\"https://cdn.tgdd.vn/Products/Images/42/209796/xiaomi-redmi-8-tgdd-.jpg\" class=\"lazy\" title=\"Xiaomi Redmi 8 32GB | Điểm hiệu năng Antutu Benchmark\" src=\"https://cdn.tgdd.vn/Products/Images/42/209796/xiaomi-redmi-8-tgdd-.jpg\" style=\"margin: 10px auto; padding: 0px; display: block; max-width: 100%; height: auto; max-height: 584px;\"></a></p><p style=\"margin: 10px 0px; padding: 0px; margin-block-start: 0px; margin-block-end: 0px; text-rendering: geometricprecision; color: rgb(51, 51, 51); font-family: Helvetica, Arial, \"DejaVu Sans\", \"Liberation Sans\", Freesans, sans-serif; font-size: 16px;\">Máy có thể chơi được nhiều trò chơi “hot” nhất hiện nay khi phải cài đặt giảm tốc độ khung hình, điều dễ hiểu vì dẫu sao nó vẫn chỉ là một <a href=\"https://www.thegioididong.com/dtdd\" target=\"_blank\" title=\"Tham khảo giá điện thoại smartphone chính hãng\" style=\"margin: 0px; padding: 0px; color: rgb(80, 168, 227);\">smartphone</a> giá rẻ vốn không phù hợp để chơi game nặng với hiệu ứng đồ họa cao.</p></h3>\r\n', '<p><strong>KHUYẾN MÃI</strong></p>\r\n\r\n<p>Tặng ngay chuột không dây</p>\r\n\r\n<p>Cơ hội trúng 450 suất học bổng trị giá 4.5 tỷ đồng (áp dụng từ 01/08 - 31/10)</p>\r\n\r\n<p>Mua kèm Office 365 Personal ưu đãi giảm 600.000đ</p>\r\n\r\n<p>Mua Loa kéo với giá giảm 15% (Loa mua kèm không áp dụng khuyến mãi khác) </p>\r\n', 'hp-15-da0048tu-4me63pa-14-600x600.jpg', '136.PNG', '137.PNG', '138.PNG', '139.PNG', '140.PNG', '141.PNG', '22/09/2019', '31/10/2019', 4, 1, 'Còn hàng', '2 năm'),
(99, 'Chuột Gaming Logitech Hyperion Fury Đen', 230000, 0, '<h3>Thiết kế được đổi mới, hiện đại v&agrave; tinh tế, tối ưu h&oacute;a cho trọng lượng nhẹ, thoải m&aacute;i khi sử dụng</h3>\r\n\r\n<h3><a href=\"https://www.thegioididong.com/images/86/209751/chuot-gaming-logitech-g402-hyperion-fury-den.jpg\"><img alt=\"Thiết kế với trọng lượng nhẹ, thoải mái khi sử dụng - Chuột Gaming Logitech G402 Hyperion Fury Đen\" src=\"https://cdn.tgdd.vn/Products/Images/86/209751/chuot-gaming-logitech-g402-hyperion-fury-den.jpg\" style=\"border-style:initial; border-width:0px; height:auto; margin:10px auto\" /></a></h3>\r\n\r\n<h3>Tr&ecirc;n&nbsp;<a href=\"https://www.thegioididong.com/chuot-may-tinh\" target=\"_blank\">chuột</a>&nbsp;c&oacute; n&uacute;t điều chỉnh DPI (240 - 4000) tiện lợi, linh hoạt chuyển đổi t&ugrave;y nhu cầu sử dụng</h3>\r\n\r\n<p><a href=\"https://www.thegioididong.com/images/86/209751/chuot-gaming-logitech-g402-hyperion-fury-den-9.jpg\"><img alt=\"Nút điều chỉnh DPI - Chuột Gaming Logitech G402 Hyperion Fury Đen\" src=\"https://cdn.tgdd.vn/Products/Images/86/209751/chuot-gaming-logitech-g402-hyperion-fury-den-9.jpg\" style=\"border-style:initial; border-width:0px; height:auto; margin:10px auto\" /></a></p>\r\n\r\n<h3>Tốc độ phản hồi ấn tượng chỉ 1ms (0.001 gi&acirc;y), đem lại trải nghiệm v&ocirc; c&ugrave;ng mượt m&agrave;</h3>\r\n\r\n<p>Với độ trễ (tốc độ phản hồi) v&ocirc; c&ugrave;ng ấn tượng, b&ecirc;n cạnh đ&oacute; l&agrave; độ nhạy cao của c&aacute;c n&uacute;t bấm,&nbsp;<a href=\"https://www.thegioididong.com/chuot-may-tinh/chuot-gaming-logitech-g402-hyperion-fury-den\" target=\"_blank\">Logitech G402 Hyperion Fury</a>&nbsp;chắc chắn sẽ l&agrave; lựa chọn h&agrave;ng đầu d&agrave;nh cho game thủ trong những pha xử l&yacute; đ&ograve;i hỏi tốc độ cao.</p>\r\n\r\n<p><a href=\"https://www.thegioididong.com/images/86/209751/chuot-gaming-logitech-g402-hyperion-fury-den-17.jpg\"><img alt=\"Chuột Gaming Logitech G402 Hyperion Fury Đen với tốc độ phản hồi nhanh\" src=\"https://cdn.tgdd.vn/Products/Images/86/209751/chuot-gaming-logitech-g402-hyperion-fury-den-17.jpg\" style=\"border-style:initial; border-width:0px; height:auto; margin:10px auto\" /></a></p>\r\n\r\n<h3>8 n&uacute;t c&oacute; thể lập tr&igrave;nh bằng phần mềm chơi game của&nbsp;<a href=\"https://www.thegioididong.com/chuot-may-tinh-logitech\" target=\"_blank\">Logitech</a>&nbsp;(Logitech Gaming Software)</h3>\r\n\r\n<p>Bạn c&oacute; thể tự thiết lập chức năng 8 n&uacute;t tr&ecirc;n chuột theo mong muốn của m&igrave;nh để chơi game bằng phần mềm&nbsp;Logitech Gaming Software, mang đến trải nghiệm chơi game chuy&ecirc;n nghiệp.</p>\r\n\r\n<p><a href=\"https://www.thegioididong.com/images/86/209751/chuot-gaming-logitech-g402-hyperion-fury-den-12.jpg\"><img alt=\"Lập trình 8 nút theo chức năng chơi game mong muốn - Chuột Gaming Logitech G402 Hyperion Fury Đen\" src=\"https://cdn.tgdd.vn/Products/Images/86/209751/chuot-gaming-logitech-g402-hyperion-fury-den-12.jpg\" style=\"border-style:initial; border-width:0px; height:auto; margin:10px auto\" /></a></p>\r\n\r\n<h3>Trang bị đ&egrave;n LED nhiều m&agrave;u đẹp mắt, cuốn h&uacute;t khi chơi game v&agrave;o buổi tối</h3>\r\n\r\n<p><a href=\"https://www.thegioididong.com/images/86/209751/chuot-gaming-logitech-g402-hyperion-fury-den-15.jpg\"><img alt=\"Trang bị đèn LED đẹp mắt - Chuột Gaming Logitech G402 Hyperion Fury Đen\" src=\"https://cdn.tgdd.vn/Products/Images/86/209751/chuot-gaming-logitech-g402-hyperion-fury-den-15.jpg\" style=\"border-style:initial; border-width:0px; height:auto; margin:10px auto\" /></a></p>\r\n\r\n<h3><a href=\"https://www.thegioididong.com/chuot-may-tinh-co-day\" target=\"_blank\">Chuột c&oacute; d&acirc;y</a>&nbsp;d&agrave;i 210 cm, dễ d&agrave;ng kết nối v&agrave; sử dụng với&nbsp;<a href=\"https://www.thegioididong.com/laptop\" target=\"_blank\">laptop</a>&nbsp;hoặc PC</h3>\r\n\r\n<p><a href=\"https://www.thegioididong.com/images/86/209751/chuot-gaming-logitech-g402-hyperion-fury-den-16.jpg\"><img alt=\"Chuột Gaming Logitech G402 Hyperion Fury Đen có dây dài 210 cm\" src=\"https://cdn.tgdd.vn/Products/Images/86/209751/chuot-gaming-logitech-g402-hyperion-fury-den-16.jpg\" style=\"border-style:initial; border-width:0px; height:auto; margin:10px auto\" /></a></p>\r\n', '<h2 style=\"background: rgb(238, 238, 238); border: 1px solid rgb(204, 204, 204); padding: 5px 10px;\">_Sản phẩm&nbsp;Chuột Gaming Logitech Hyperion Fury Đen đang được nhập h&agrave;ng về.</h2>\r\n\r\n<p>&nbsp;</p>\r\n\r\n<h2 style=\"background: rgb(238, 238, 238); border: 1px solid rgb(204, 204, 204); padding: 5px 10px;\">_Dự kiến ng&agrave;y 15/10 sản phẩm sẽ được b&aacute;n tại cửa h&agrave;ng.</h2>\r\n', 'chuot-gaming-logitech-g402-hyperion-fury-den-1-600x600.jpg', '142.PNG', '143.PNG', '144.PNG', '145.PNG', '146.PNG', '', '28/09/2019', '28/09/2019', 0, 10, 'Hàng đang về', '1 năm');

-- --------------------------------------------------------

--
-- Table structure for table `sliders`
--

CREATE TABLE `sliders` (
  `ID` int(10) UNSIGNED NOT NULL,
  `Images` varchar(250) CHARACTER SET utf8mb4 COLLATE utf8mb4_vietnamese_ci NOT NULL,
  `Link` varchar(1000) CHARACTER SET utf8mb4 COLLATE utf8mb4_vietnamese_ci NOT NULL,
  `Title` varchar(250) CHARACTER SET utf8mb4 COLLATE utf8mb4_vietnamese_ci NOT NULL
) ENGINE=InnoDB DEFAULT CHARSET=utf8;

--
-- Dumping data for table `sliders`
--

INSERT INTO `sliders` (`ID`, `Images`, `Link`, `Title`) VALUES
(24, 'asus-most-complete-gaming-arsenal.jpg', 'https://www.thegioididong.com', 'Ưu đãi tháng 10'),
(25, 'web-984x340-giamsinhnhat--.jpg', 'https://www.thegioididong.com', 'Birthdate sale off'),
(29, 'asus.png', 'https://www.thegioididong.com', 'Asus 430');

-- --------------------------------------------------------

--
-- Table structure for table `users`
--

CREATE TABLE `users` (
  `id` int(10) UNSIGNED NOT NULL,
  `full_name` varchar(255) COLLATE utf8_unicode_ci NOT NULL,
  `email` varchar(255) COLLATE utf8_unicode_ci NOT NULL,
  `password` varchar(255) COLLATE utf8_unicode_ci NOT NULL,
  `level` varchar(250) CHARACTER SET utf8mb4 COLLATE utf8mb4_vietnamese_ci NOT NULL,
  `date_create` varchar(250) CHARACTER SET utf8mb4 COLLATE utf8mb4_vietnamese_ci NOT NULL,
  `avatar` varchar(250) CHARACTER SET utf8mb4 COLLATE utf8mb4_vietnamese_ci NOT NULL,
  `university` varchar(250) CHARACTER SET utf8mb4 COLLATE utf8mb4_vietnamese_ci NOT NULL,
  `language` varchar(250) CHARACTER SET utf8mb4 COLLATE utf8mb4_vietnamese_ci NOT NULL,
  `trinhdo` varchar(250) CHARACTER SET utf8mb4 COLLATE utf8mb4_vietnamese_ci NOT NULL,
  `grey` varchar(250) CHARACTER SET utf8mb4 COLLATE utf8mb4_vietnamese_ci NOT NULL,
  `birthdate` varchar(250) CHARACTER SET utf8mb4 COLLATE utf8mb4_vietnamese_ci NOT NULL,
  `address` varchar(250) CHARACTER SET utf8mb4 COLLATE utf8mb4_vietnamese_ci NOT NULL,
  `phone` varchar(250) COLLATE utf8_unicode_ci NOT NULL,
  `status` varchar(250) CHARACTER SET utf8mb4 COLLATE utf8mb4_vietnamese_ci NOT NULL
) ENGINE=InnoDB DEFAULT CHARSET=utf8 COLLATE=utf8_unicode_ci;

--
-- Dumping data for table `users`
--

INSERT INTO `users` (`id`, `full_name`, `email`, `password`, `level`, `date_create`, `avatar`, `university`, `language`, `trinhdo`, `grey`, `birthdate`, `address`, `phone`, `status`) VALUES
(1, 'Phạm Văn Chiến', 'phamvanchien3605@gmail.com', '70380eb74c4753e60bf91c3412eb6813', 'Administrator', '10/09/2019', 'batman-v-Superman-1-700x500.jpg', 'ĐH Công Nghiệp TP.HCM', '', 'Thạc sĩ', 'Nam', '28/03/1999', '12,Nguyễn Văn Bảo , P.4, Q Gò Vấp', '0345563605', '1'),
(30, 'Phạm Văn Chiến', 'phamvanchieniuh@gmail.com', 'c26be8aaf53b15054896983b43eb6a65', 'Quản lý', '11/10/2019', 'ngo-khong-chibi-3.jpg', 'Đại học công nghiệp TP.HCM', 'Toeic 500', 'Kỹ sư', 'Nam', '03/1999', '12,Nguyễn Văn Bảo,P.4, Gò Vấp', '345563605', '1'),
(54, 'Phạm Văn Chiến', 'phamvanchien2803@gmail.com', '30cd2f99101cdd52cc5fda1e996ee137', 'Nhân viên', '29/10/2019', 'frlftkwv8jm3dlxxof2nbnghjpb_kzbl.jpg', 'Đại học công nghiệp TP.HCM', '', 'Kỹ sư', 'Nam', '', '12,Nguyễn Văn Bảo,P.4, Gò Vấp', '0345563605', '1'),
(56, 'Phạm Văn Chiến', 'phamvanchien@gmail.com', '30cd2f99101cdd52cc5fda1e996ee137', 'Biên tập', '31/10/2019', 'Chau-tinh-tri-tuyet-dinh-kungfu.jpg', 'Đại học công nghiệp TP.HCM', '', 'Kỹ sư', 'Nam', '', '12,Nguyễn Văn Bảo,P.4, Gò Vấp', '0345563605', '1');

--
-- Indexes for dumped tables
--

--
-- Indexes for table `brands`
--
ALTER TABLE `brands`
  ADD PRIMARY KEY (`ID`);

--
-- Indexes for table `category`
--
ALTER TABLE `category`
  ADD PRIMARY KEY (`ID`);

--
-- Indexes for table `comments`
--
ALTER TABLE `comments`
  ADD PRIMARY KEY (`ID`);

--
-- Indexes for table `comment_news`
--
ALTER TABLE `comment_news`
  ADD PRIMARY KEY (`ID`);

--
-- Indexes for table `configuration`
--
ALTER TABLE `configuration`
  ADD PRIMARY KEY (`ProductID`);

--
-- Indexes for table `customers`
--
ALTER TABLE `customers`
  ADD PRIMARY KEY (`ID`);

--
-- Indexes for table `newletter`
--
ALTER TABLE `newletter`
  ADD PRIMARY KEY (`ID`);

--
-- Indexes for table `orders`
--
ALTER TABLE `orders`
  ADD PRIMARY KEY (`ID`);

--
-- Indexes for table `posts`
--
ALTER TABLE `posts`
  ADD PRIMARY KEY (`ID`);

--
-- Indexes for table `products`
--
ALTER TABLE `products`
  ADD PRIMARY KEY (`ID`);

--
-- Indexes for table `sliders`
--
ALTER TABLE `sliders`
  ADD PRIMARY KEY (`ID`);

--
-- Indexes for table `users`
--
ALTER TABLE `users`
  ADD PRIMARY KEY (`id`),
  ADD UNIQUE KEY `users_email_unique` (`email`);

--
-- AUTO_INCREMENT for dumped tables
--

--
-- AUTO_INCREMENT for table `brands`
--
ALTER TABLE `brands`
  MODIFY `ID` int(10) UNSIGNED NOT NULL AUTO_INCREMENT, AUTO_INCREMENT=18;

--
-- AUTO_INCREMENT for table `category`
--
ALTER TABLE `category`
  MODIFY `ID` int(10) UNSIGNED NOT NULL AUTO_INCREMENT, AUTO_INCREMENT=32;

--
-- AUTO_INCREMENT for table `comments`
--
ALTER TABLE `comments`
  MODIFY `ID` int(5) UNSIGNED NOT NULL AUTO_INCREMENT, AUTO_INCREMENT=19;

--
-- AUTO_INCREMENT for table `comment_news`
--
ALTER TABLE `comment_news`
  MODIFY `ID` int(250) UNSIGNED NOT NULL AUTO_INCREMENT, AUTO_INCREMENT=3;

--
-- AUTO_INCREMENT for table `configuration`
--
ALTER TABLE `configuration`
  MODIFY `ProductID` int(10) UNSIGNED NOT NULL AUTO_INCREMENT, AUTO_INCREMENT=111;

--
-- AUTO_INCREMENT for table `customers`
--
ALTER TABLE `customers`
  MODIFY `ID` int(5) NOT NULL AUTO_INCREMENT, AUTO_INCREMENT=8;

--
-- AUTO_INCREMENT for table `newletter`
--
ALTER TABLE `newletter`
  MODIFY `ID` int(10) UNSIGNED NOT NULL AUTO_INCREMENT;

--
-- AUTO_INCREMENT for table `orders`
--
ALTER TABLE `orders`
  MODIFY `ID` int(10) UNSIGNED NOT NULL AUTO_INCREMENT, AUTO_INCREMENT=32;

--
-- AUTO_INCREMENT for table `posts`
--
ALTER TABLE `posts`
  MODIFY `ID` int(10) UNSIGNED NOT NULL AUTO_INCREMENT, AUTO_INCREMENT=2;

--
-- AUTO_INCREMENT for table `products`
--
ALTER TABLE `products`
  MODIFY `ID` int(5) UNSIGNED NOT NULL AUTO_INCREMENT, AUTO_INCREMENT=100;

--
-- AUTO_INCREMENT for table `sliders`
--
ALTER TABLE `sliders`
  MODIFY `ID` int(10) UNSIGNED NOT NULL AUTO_INCREMENT, AUTO_INCREMENT=30;

--
-- AUTO_INCREMENT for table `users`
--
ALTER TABLE `users`
  MODIFY `id` int(10) UNSIGNED NOT NULL AUTO_INCREMENT, AUTO_INCREMENT=57;
COMMIT;

/*!40101 SET CHARACTER_SET_CLIENT=@OLD_CHARACTER_SET_CLIENT */;
/*!40101 SET CHARACTER_SET_RESULTS=@OLD_CHARACTER_SET_RESULTS */;
/*!40101 SET COLLATION_CONNECTION=@OLD_COLLATION_CONNECTION */;
